[28Sep2026 11:40:41.714] [main/INFO] [cpw.mods.modlauncher.Launcher/MODLAUNCHER]: ModLauncher running: args [--launchTarget, forgeclientdev, --version, 21.1.234, --assetIndex, 17, --assetsDir, C:\\Users\\owenp\\.gradle\\caches\\neoformruntime\\assets, --gameDir, ., --fml.fmlVersion, 4.0.42, --fml.mcVersion, 1.21.1, --fml.neoForgeVersion, 21.1.234, --fml.neoFormVersion, 20240808.144430]
[28Sep2026 11:40:41.717] [main/INFO] [cpw.mods.modlauncher.Launcher/MODLAUNCHER]: JVM identified as Microsoft OpenJDK 64-Bit Server VM 21.0.10+7-LTS
[28Sep2026 11:40:41.718] [main/INFO] [cpw.mods.modlauncher.Launcher/MODLAUNCHER]: ModLauncher 11.0.5+main.901c6ea8 starting: java version 21.0.10 by Microsoft; OS Windows 11 arch amd64 version 10.0
[28Sep2026 11:40:41.750] [main/DEBUG] [cpw.mods.modlauncher.LaunchServiceHandler/MODLAUNCHER]: Found launch services [minecraft,forgeclient,forgedatauserdev,testharness,forgeserverdev,forgeserveruserdev,forgejunitdev,forgeclientdev,forgeclientuserdev,forgeserver,forgejunituserdev,forgedatadev]
[28Sep2026 11:40:41.768] [main/DEBUG] [cpw.mods.modlauncher.LaunchPluginHandler/MODLAUNCHER]: Found launch plugins: [mixin,slf4jfixer,runtime_enum_extender,accesstransformer,runtimedistcleaner]
[28Sep2026 11:40:41.775] [main/DEBUG] [cpw.mods.modlauncher.TransformationServicesHandler/MODLAUNCHER]: Discovering transformation services
[28Sep2026 11:40:41.778] [main/DEBUG] [net.neoforged.fml.loading.FMLPaths/CORE]: Path GAMEDIR is C:\Users\owenp\dev\projects\Minecraft mods\Owies Airport Pack\Owies Airport Pack Neoforge\run
[28Sep2026 11:40:41.778] [main/DEBUG] [net.neoforged.fml.loading.FMLPaths/CORE]: Path MODSDIR is C:\Users\owenp\dev\projects\Minecraft mods\Owies Airport Pack\Owies Airport Pack Neoforge\run\mods
[28Sep2026 11:40:41.779] [main/DEBUG] [net.neoforged.fml.loading.FMLPaths/CORE]: Path CONFIGDIR is C:\Users\owenp\dev\projects\Minecraft mods\Owies Airport Pack\Owies Airport Pack Neoforge\run\config
[28Sep2026 11:40:41.779] [main/DEBUG] [net.neoforged.fml.loading.FMLPaths/CORE]: Path FMLCONFIG is C:\Users\owenp\dev\projects\Minecraft mods\Owies Airport Pack\Owies Airport Pack Neoforge\run\config\fml.toml
[28Sep2026 11:40:41.812] [main/DEBUG] [net.neoforged.fml.loading.targets.CommonLaunchHandler/CORE]: Got mod coordinates owies_airport_pack_neoforge%%C:\\Users\\owenp\\dev\\projects\\Minecraft mods\\Owies Airport Pack\\Owies Airport Pack Neoforge\\build\\classes\\java\\main;owies_airport_pack_neoforge%%C:\\Users\\owenp\\dev\\projects\\Minecraft mods\\Owies Airport Pack\\Owies Airport Pack Neoforge\\build\\resources\\main from env
[28Sep2026 11:40:41.813] [main/DEBUG] [net.neoforged.fml.loading.targets.CommonLaunchHandler/CORE]: Found supplied mod coordinates [{owies_airport_pack_neoforge=[C:\Users\owenp\dev\projects\Minecraft mods\Owies Airport Pack\Owies Airport Pack Neoforge\build\classes\java\main, C:\Users\owenp\dev\projects\Minecraft mods\Owies Airport Pack\Owies Airport Pack Neoforge\build\resources\main]}]
[28Sep2026 11:40:41.814] [main/DEBUG] [cpw.mods.modlauncher.TransformationServicesHandler/MODLAUNCHER]: Found additional transformation services from discovery services: 
[28Sep2026 11:40:41.821] [main/INFO] [net.neoforged.fml.loading.ImmediateWindowHandler/]: Loading ImmediateWindowProvider fmlearlywindow
[28Sep2026 11:40:41.903] [main/INFO] [EARLYDISPLAY/]: Trying GL version 4.6
[28Sep2026 11:40:41.988] [main/INFO] [EARLYDISPLAY/]: Requested GL version 4.6 got version 4.6
[28Sep2026 11:40:42.036] [main/DEBUG] [cpw.mods.modlauncher.TransformationServicesHandler/MODLAUNCHER]: Found transformer services : [mixin,fml]
[28Sep2026 11:40:42.036] [main/DEBUG] [cpw.mods.modlauncher.TransformationServicesHandler/MODLAUNCHER]: Transformation services loading
[28Sep2026 11:40:42.036] [main/DEBUG] [cpw.mods.modlauncher.TransformationServiceDecorator/MODLAUNCHER]: Loading service mixin
[28Sep2026 11:40:42.036] [main/DEBUG] [cpw.mods.modlauncher.TransformationServiceDecorator/MODLAUNCHER]: Loaded service mixin
[28Sep2026 11:40:42.036] [main/DEBUG] [cpw.mods.modlauncher.TransformationServiceDecorator/MODLAUNCHER]: Loading service fml
[28Sep2026 11:40:42.038] [main/DEBUG] [net.neoforged.fml.loading.FMLLoader/CORE]: FML 4.0.42 loading
[28Sep2026 11:40:42.038] [main/DEBUG] [net.neoforged.fml.loading.FMLLoader/CORE]: FML found ModLauncher version : 11.0.5+main.901c6ea8
[28Sep2026 11:40:42.038] [main/DEBUG] [net.neoforged.fml.loading.FMLLoader/CORE]: FML found AccessTransformer version : 10.0.1+139da711
[28Sep2026 11:40:42.039] [main/DEBUG] [net.neoforged.fml.loading.FMLLoader/CORE]: FML found EventBus version : null
[28Sep2026 11:40:42.039] [main/DEBUG] [net.neoforged.fml.loading.FMLLoader/CORE]: Found Runtime Dist Cleaner
[28Sep2026 11:40:42.040] [main/DEBUG] [cpw.mods.modlauncher.TransformationServiceDecorator/MODLAUNCHER]: Loaded service fml
[28Sep2026 11:40:42.040] [main/DEBUG] [cpw.mods.modlauncher.TransformationServicesHandler/MODLAUNCHER]: Configuring option handling for services
[28Sep2026 11:40:42.058] [main/DEBUG] [net.neoforged.fml.loading.FMLServiceProvider/CORE]: Received command line version data  : VersionInfo[neoForgeVersion=21.1.234, fmlVersion=4.0.42, mcVersion=1.21.1, neoFormVersion=20240808.144430]
[28Sep2026 11:40:42.058] [main/DEBUG] [cpw.mods.modlauncher.TransformationServicesHandler/MODLAUNCHER]: Transformation services initializing
[28Sep2026 11:40:42.059] [main/DEBUG] [cpw.mods.modlauncher.TransformationServiceDecorator/MODLAUNCHER]: Initializing transformation service mixin
[28Sep2026 11:40:42.074] [main/DEBUG] [mixin/]: MixinService [ModLauncher] was successfully booted in cpw.mods.cl.ModuleClassLoader@396e2f39
[28Sep2026 11:40:42.082] [main/INFO] [mixin/]: SpongePowered MIXIN Subsystem Version=0.8.7 Source=union:/C:/Users/owenp/.gradle/caches/modules-2/files-2.1/net.fabricmc/sponge-mixin/0.15.2+mixin.0.8.7/2af2f021d8e02a0220dc27a7a72b4666d66d44ca/sponge-mixin-0.15.2+mixin.0.8.7.jar%23138!/ Service=ModLauncher Env=CLIENT
[28Sep2026 11:40:42.084] [main/DEBUG] [mixin/]: Initialising Mixin Platform Manager
[28Sep2026 11:40:42.084] [main/DEBUG] [mixin/]: Adding mixin platform agents for container ModLauncher Root Container(ModLauncher:4f56a0a2)
[28Sep2026 11:40:42.084] [main/DEBUG] [mixin/]: Instancing new MixinPlatformAgentMinecraftForge for ModLauncher Root Container(ModLauncher:4f56a0a2)
[28Sep2026 11:40:42.084] [main/DEBUG] [mixin/]: MixinPlatformAgentMinecraftForge rejected container ModLauncher Root Container(ModLauncher:4f56a0a2)
[28Sep2026 11:40:42.084] [main/DEBUG] [mixin/]: Instancing new MixinPlatformAgentDefault for ModLauncher Root Container(ModLauncher:4f56a0a2)
[28Sep2026 11:40:42.085] [main/DEBUG] [mixin/]: MixinPlatformAgentDefault accepted container ModLauncher Root Container(ModLauncher:4f56a0a2)
[28Sep2026 11:40:42.086] [main/DEBUG] [cpw.mods.modlauncher.TransformationServiceDecorator/MODLAUNCHER]: Initialized transformation service mixin
[28Sep2026 11:40:42.086] [main/DEBUG] [cpw.mods.modlauncher.TransformationServiceDecorator/MODLAUNCHER]: Initializing transformation service fml
[28Sep2026 11:40:42.086] [main/DEBUG] [net.neoforged.fml.loading.FMLServiceProvider/CORE]: Setting up basic FML game directories
[28Sep2026 11:40:42.086] [main/DEBUG] [net.neoforged.fml.loading.FMLPaths/CORE]: Path GAMEDIR is C:\Users\owenp\dev\projects\Minecraft mods\Owies Airport Pack\Owies Airport Pack Neoforge\run
[28Sep2026 11:40:42.086] [main/DEBUG] [net.neoforged.fml.loading.FMLPaths/CORE]: Path MODSDIR is C:\Users\owenp\dev\projects\Minecraft mods\Owies Airport Pack\Owies Airport Pack Neoforge\run\mods
[28Sep2026 11:40:42.087] [main/DEBUG] [net.neoforged.fml.loading.FMLPaths/CORE]: Path CONFIGDIR is C:\Users\owenp\dev\projects\Minecraft mods\Owies Airport Pack\Owies Airport Pack Neoforge\run\config
[28Sep2026 11:40:42.087] [main/DEBUG] [net.neoforged.fml.loading.FMLPaths/CORE]: Path FMLCONFIG is C:\Users\owenp\dev\projects\Minecraft mods\Owies Airport Pack\Owies Airport Pack Neoforge\run\config\fml.toml
[28Sep2026 11:40:42.087] [main/DEBUG] [net.neoforged.fml.loading.FMLServiceProvider/CORE]: Loading configuration
[28Sep2026 11:40:42.089] [main/DEBUG] [net.neoforged.fml.loading.FMLServiceProvider/CORE]: Preparing launch handler
[28Sep2026 11:40:42.090] [main/DEBUG] [net.neoforged.fml.loading.FMLLoader/CORE]: Using forgeclientdev as launch service
[28Sep2026 11:40:42.092] [main/DEBUG] [cpw.mods.modlauncher.TransformationServiceDecorator/MODLAUNCHER]: Initialized transformation service fml
[28Sep2026 11:40:42.092] [main/DEBUG] [cpw.mods.modlauncher.TransformationServicesHandler/MODLAUNCHER]: Transformation services begin scanning
[28Sep2026 11:40:42.092] [main/DEBUG] [cpw.mods.modlauncher.TransformationServiceDecorator/MODLAUNCHER]: Beginning scan trigger - transformation service mixin
[28Sep2026 11:40:42.092] [main/DEBUG] [cpw.mods.modlauncher.TransformationServiceDecorator/MODLAUNCHER]: End scan trigger - transformation service mixin
[28Sep2026 11:40:42.092] [main/DEBUG] [cpw.mods.modlauncher.TransformationServiceDecorator/MODLAUNCHER]: Beginning scan trigger - transformation service fml
[28Sep2026 11:40:42.092] [main/DEBUG] [net.neoforged.fml.loading.FMLServiceProvider/CORE]: Initiating mod scan
[28Sep2026 11:40:42.092] [main/DEBUG] [net.neoforged.fml.loading.targets.CommonLaunchHandler/CORE]: Got mod coordinates owies_airport_pack_neoforge%%C:\\Users\\owenp\\dev\\projects\\Minecraft mods\\Owies Airport Pack\\Owies Airport Pack Neoforge\\build\\classes\\java\\main;owies_airport_pack_neoforge%%C:\\Users\\owenp\\dev\\projects\\Minecraft mods\\Owies Airport Pack\\Owies Airport Pack Neoforge\\build\\resources\\main from env
[28Sep2026 11:40:42.092] [main/DEBUG] [net.neoforged.fml.loading.targets.CommonLaunchHandler/CORE]: Found supplied mod coordinates [{owies_airport_pack_neoforge=[C:\Users\owenp\dev\projects\Minecraft mods\Owies Airport Pack\Owies Airport Pack Neoforge\build\classes\java\main, C:\Users\owenp\dev\projects\Minecraft mods\Owies Airport Pack\Owies Airport Pack Neoforge\build\resources\main]}]
[28Sep2026 11:40:42.093] [main/DEBUG] [net.neoforged.fml.loading.targets.CommonDevLaunchHandler/]: Launching with NeoForge from C:\Users\owenp\dev\projects\Minecraft mods\Owies Airport Pack\Owies Airport Pack Neoforge\build\moddev\artifacts\neoforge-21.1.234.jar
[28Sep2026 11:40:42.101] [main/DEBUG] [net.neoforged.fml.util.ServiceLoaderUtil/CORE]: Found 4 implementations of IModFileCandidateLocator:
[28Sep2026 11:40:42.101] [main/DEBUG] [net.neoforged.fml.util.ServiceLoaderUtil/CORE]: 	       0 - [built-in] net.neoforged.fml.loading.moddiscovery.locators.NeoForgeDevProvider from loader-4.0.42.jar
[28Sep2026 11:40:42.101] [main/DEBUG] [net.neoforged.fml.util.ServiceLoaderUtil/CORE]: 	       0 - net.neoforged.fml.loading.moddiscovery.locators.ModsFolderLocator from loader-4.0.42.jar
[28Sep2026 11:40:42.101] [main/DEBUG] [net.neoforged.fml.util.ServiceLoaderUtil/CORE]: 	       0 - net.neoforged.fml.loading.moddiscovery.locators.MavenDirectoryLocator from loader-4.0.42.jar
[28Sep2026 11:40:42.102] [main/DEBUG] [net.neoforged.fml.util.ServiceLoaderUtil/CORE]: 	   -1000 - [built-in] net.neoforged.fml.loading.moddiscovery.locators.UserdevLocator from loader-4.0.42.jar
[28Sep2026 11:40:42.102] [main/DEBUG] [net.neoforged.fml.util.ServiceLoaderUtil/CORE]: Found 2 implementations of IModFileReader:
[28Sep2026 11:40:42.102] [main/DEBUG] [net.neoforged.fml.util.ServiceLoaderUtil/CORE]: 	       0 - net.neoforged.fml.loading.moddiscovery.readers.JarModsDotTomlModFileReader from loader-4.0.42.jar
[28Sep2026 11:40:42.104] [main/DEBUG] [net.neoforged.fml.util.ServiceLoaderUtil/CORE]: 	   -1000 - net.neoforged.fml.loading.moddiscovery.readers.NestedLibraryModReader from loader-4.0.42.jar
[28Sep2026 11:40:42.105] [main/DEBUG] [net.neoforged.fml.util.ServiceLoaderUtil/CORE]: Found 1 implementations of IDependencyLocator:
[28Sep2026 11:40:42.105] [main/DEBUG] [net.neoforged.fml.util.ServiceLoaderUtil/CORE]: 	       0 - net.neoforged.fml.loading.moddiscovery.locators.JarInJarDependencyLocator from loader-4.0.42.jar
[28Sep2026 11:40:42.137] [main/DEBUG] [net.neoforged.fml.loading.moddiscovery.ModFileInfo/LOADING]: Found valid mod file neoforge-21.1.234.jar with {minecraft} mods - versions {1.21.1}
[28Sep2026 11:40:42.142] [main/DEBUG] [net.neoforged.fml.loading.moddiscovery.ModFileParser/LOADING]: Considering mod file candidate C:\Users\owenp\dev\projects\Minecraft mods\Owies Airport Pack\Owies Airport Pack Neoforge\build\moddev\artifacts\neoforge-21.1.234.jar
[28Sep2026 11:40:42.151] [main/DEBUG] [net.neoforged.fml.loading.moddiscovery.ModFileInfo/LOADING]: Found valid mod file neoforge-21.1.234.jar with {neoforge} mods - versions {21.1.234}
[28Sep2026 11:40:42.154] [main/DEBUG] [net.neoforged.fml.loading.moddiscovery.ModFileParser/LOADING]: Considering mod file candidate C:\Users\owenp\dev\projects\Minecraft mods\Owies Airport Pack\Owies Airport Pack Neoforge\run\mods\worldedit-mod-7.3.8 (1).jar
[28Sep2026 11:40:42.158] [main/DEBUG] [net.neoforged.fml.loading.moddiscovery.ModFileInfo/LOADING]: Found valid mod file worldedit-mod-7.3.8 (1).jar with {worldedit} mods - versions {7.3.8+6939-7d32b45}
[28Sep2026 11:40:42.160] [main/DEBUG] [net.neoforged.fml.loading.moddiscovery.ModFileParser/LOADING]: Considering mod file candidate C:\Users\owenp\dev\projects\Minecraft mods\Owies Airport Pack\Owies Airport Pack Neoforge\run\mods\xaerominimap-neoforge-1.21.1-26.5.0.jar
[28Sep2026 11:40:42.161] [pool-2-thread-1/INFO] [EARLYDISPLAY/]: GL info: AMD Radeon RX 7900 XT GL version 4.6.0 Core Profile Context 26.3.1.260303, ATI Technologies Inc.
[28Sep2026 11:40:42.163] [main/DEBUG] [net.neoforged.fml.loading.moddiscovery.ModFileInfo/LOADING]: Found valid mod file xaerominimap-neoforge-1.21.1-26.5.0.jar with {xaerominimap} mods - versions {26.5.0}
[28Sep2026 11:40:42.164] [main/DEBUG] [net.neoforged.fml.loading.moddiscovery.ModFileParser/LOADING]: Considering mod file candidate C:\Users\owenp\dev\projects\Minecraft mods\Owies Airport Pack\Owies Airport Pack Neoforge\run\mods\xaeroworldmap-neoforge-1.21.1-1.46.0.jar
[28Sep2026 11:40:42.166] [main/DEBUG] [net.neoforged.fml.loading.moddiscovery.ModFileInfo/LOADING]: Found valid mod file xaeroworldmap-neoforge-1.21.1-1.46.0.jar with {xaeroworldmap} mods - versions {1.46.0}
[28Sep2026 11:40:42.170] [main/DEBUG] [net.neoforged.fml.loading.moddiscovery.ModListHandler/CORE]: Found mod coordinates from lists: []
[28Sep2026 11:40:42.172] [main/DEBUG] [net.neoforged.fml.loading.moddiscovery.ModFileParser/LOADING]: Considering mod file candidate C:\Users\owenp\dev\projects\Minecraft mods\Owies Airport Pack\Owies Airport Pack Neoforge\build\classes\java\main
[28Sep2026 11:40:42.173] [main/DEBUG] [net.neoforged.fml.loading.moddiscovery.ModFileInfo/LOADING]: Found valid mod file main with {owies_airport_pack_neoforge} mods - versions {0.3}
[28Sep2026 11:40:42.180] [main/DEBUG] [net.neoforged.fml.loading.moddiscovery.ModFileParser/LOADING]: Considering mod file candidate C:\Users\owenp\dev\projects\Minecraft mods\Owies Airport Pack\Owies Airport Pack Neoforge\build\moddev\artifacts\neoforge-21.1.234.jar
[28Sep2026 11:40:42.181] [main/DEBUG] [net.neoforged.fml.loading.moddiscovery.ModFileInfo/LOADING]: Found valid mod file neoforge-21.1.234.jar with {neoforge} mods - versions {21.1.234}
[28Sep2026 11:40:42.193] [main/DEBUG] [net.neoforged.fml.loading.moddiscovery.ModDiscoverer/]: Skipping C:\Users\owenp\.gradle\caches\modules-2\files-2.1\net.neoforged.fancymodloader\earlydisplay\4.0.42\46555dbfff14e9e052f1f693aed14d542a74e111\earlydisplay-4.0.42.jar because it was already located earlier
[28Sep2026 11:40:42.195] [main/DEBUG] [net.neoforged.fml.loading.moddiscovery.ModDiscoverer/]: Skipping C:\Users\owenp\.gradle\caches\modules-2\files-2.1\net.neoforged.fancymodloader\loader\4.0.42\76e15f98bf676fb44b36c5e776f52a55581ec43a\loader-4.0.42.jar because it was already located earlier
[28Sep2026 11:40:42.195] [main/DEBUG] [net.neoforged.fml.loading.moddiscovery.ModDiscoverer/]: Skipping C:\Users\owenp\.gradle\caches\modules-2\files-2.1\net.neoforged.accesstransformers\at-modlauncher\10.0.1\5aba50202aceead086bc09fbc2751c9f05cb4890\at-modlauncher-10.0.1.jar because it was already located earlier
[28Sep2026 11:40:42.195] [main/DEBUG] [net.neoforged.fml.loading.moddiscovery.ModDiscoverer/]: Skipping C:\Users\owenp\.gradle\caches\modules-2\files-2.1\net.neoforged\accesstransformers\10.0.1\fd83b5725f76eae9115e9355fa1c456a6a441400\accesstransformers-10.0.1.jar because it was already located earlier
[28Sep2026 11:40:42.195] [main/DEBUG] [net.neoforged.fml.loading.moddiscovery.ModDiscoverer/]: Skipping C:\Users\owenp\.gradle\caches\modules-2\files-2.1\net.neoforged\bus\8.0.5\5b2d33285ab5d1554e9798ad98c40d6ea3868bd5\bus-8.0.5.jar because it was already located earlier
[28Sep2026 11:40:42.195] [main/DEBUG] [net.neoforged.fml.loading.moddiscovery.ModDiscoverer/]: Skipping C:\Users\owenp\.gradle\caches\modules-2\files-2.1\net.neoforged\coremods\7.0.3\9147e6f638b4272b3bd5fc8f92ad37802512c6c\coremods-7.0.3.jar because it was already located earlier
[28Sep2026 11:40:42.195] [main/DEBUG] [net.neoforged.fml.loading.moddiscovery.ModDiscoverer/]: Skipping C:\Users\owenp\.gradle\caches\modules-2\files-2.1\cpw.mods\modlauncher\11.0.5\b8f0d49294f733fdb6173931b263553e943dc950\modlauncher-11.0.5.jar because it was already located earlier
[28Sep2026 11:40:42.195] [main/DEBUG] [net.neoforged.fml.loading.moddiscovery.ModDiscoverer/]: Skipping C:\Users\owenp\.gradle\caches\modules-2\files-2.1\net.neoforged\mergetool\2.0.0\52fe1949be64e3303aabaaa21e315f551db9c9f4\mergetool-2.0.0-api.jar because it was already located earlier
[28Sep2026 11:40:42.195] [main/DEBUG] [net.neoforged.fml.loading.moddiscovery.ModDiscoverer/]: Skipping C:\Users\owenp\.gradle\caches\modules-2\files-2.1\com.electronwill.night-config\toml\3.8.3\90b2fd6efcb4a7d5b9810cf78f9d824994d717f2\toml-3.8.3.jar because it was already located earlier
[28Sep2026 11:40:42.195] [main/DEBUG] [net.neoforged.fml.loading.moddiscovery.ModDiscoverer/]: Skipping C:\Users\owenp\.gradle\caches\modules-2\files-2.1\com.electronwill.night-config\core\3.8.3\b442a95f09e349927f5a945ecb594455870fcf4f\core-3.8.3.jar because it was already located earlier
[28Sep2026 11:40:42.195] [main/DEBUG] [net.neoforged.fml.loading.moddiscovery.ModDiscoverer/]: Skipping C:\Users\owenp\.gradle\caches\modules-2\files-2.1\net.neoforged\JarJarSelector\0.4.1\fb3cc7a58af22ad2880adb98af6d518128c47dae\JarJarSelector-0.4.1.jar because it was already located earlier
[28Sep2026 11:40:42.195] [main/DEBUG] [net.neoforged.fml.loading.moddiscovery.ModDiscoverer/]: Skipping C:\Users\owenp\.gradle\caches\modules-2\files-2.1\net.neoforged\JarJarMetadata\0.4.1\f8da03683dc81694556dc3e177c5e3bb77ae6fcb\JarJarMetadata-0.4.1.jar because it was already located earlier
[28Sep2026 11:40:42.195] [main/DEBUG] [net.neoforged.fml.loading.moddiscovery.ModDiscoverer/]: Skipping C:\Users\owenp\.gradle\caches\modules-2\files-2.1\org.apache.maven\maven-artifact\3.8.5\4433f50c07debefaed0553bd0068f4f48d449313\maven-artifact-3.8.5.jar because it was already located earlier
[28Sep2026 11:40:42.195] [main/DEBUG] [net.neoforged.fml.loading.moddiscovery.ModDiscoverer/]: Skipping C:\Users\owenp\.gradle\caches\modules-2\files-2.1\net.jodah\typetools\0.6.3\a01aaa6ddaea9ec07ec4f209487b7a46a526283a\typetools-0.6.3.jar because it was already located earlier
[28Sep2026 11:40:42.195] [main/DEBUG] [net.neoforged.fml.loading.moddiscovery.ModDiscoverer/]: Skipping C:\Users\owenp\.gradle\caches\modules-2\files-2.1\net.minecrell\terminalconsoleappender\1.3.0\b562e9bb61235c9520e26282cdee71f8f802d1fc\terminalconsoleappender-1.3.0.jar because it was already located earlier
[28Sep2026 11:40:42.195] [main/DEBUG] [net.neoforged.fml.loading.moddiscovery.ModDiscoverer/]: Skipping C:\Users\owenp\.gradle\caches\modules-2\files-2.1\net.fabricmc\sponge-mixin\0.15.2+mixin.0.8.7\2af2f021d8e02a0220dc27a7a72b4666d66d44ca\sponge-mixin-0.15.2+mixin.0.8.7.jar because it was already located earlier
[28Sep2026 11:40:42.195] [main/DEBUG] [net.neoforged.fml.loading.moddiscovery.ModDiscoverer/]: Skipping C:\Users\owenp\.gradle\caches\modules-2\files-2.1\org.openjdk.nashorn\nashorn-core\15.4\f67f5ffaa5f5130cf6fb9b133da00c7df3b532a5\nashorn-core-15.4.jar because it was already located earlier
[28Sep2026 11:40:42.195] [main/DEBUG] [net.neoforged.fml.loading.moddiscovery.ModDiscoverer/]: Skipping C:\Users\owenp\.gradle\caches\modules-2\files-2.1\org.apache.commons\commons-lang3\3.14.0\1ed471194b02f2c6cb734a0cd6f6f107c673afae\commons-lang3-3.14.0.jar because it was already located earlier
[28Sep2026 11:40:42.195] [main/DEBUG] [net.neoforged.fml.loading.moddiscovery.ModDiscoverer/]: Skipping C:\Users\owenp\.gradle\caches\modules-2\files-2.1\net.sf.jopt-simple\jopt-simple\5.0.4\4fdac2fbe92dfad86aa6e9301736f6b4342a3f5c\jopt-simple-5.0.4.jar because it was already located earlier
[28Sep2026 11:40:42.196] [main/DEBUG] [net.neoforged.fml.loading.moddiscovery.ModDiscoverer/]: Skipping C:\Users\owenp\.gradle\caches\modules-2\files-2.1\commons-io\commons-io\2.15.1\f11560da189ab563a5c8e351941415430e9304ea\commons-io-2.15.1.jar because it was already located earlier
[28Sep2026 11:40:42.196] [main/DEBUG] [net.neoforged.fml.loading.moddiscovery.ModDiscoverer/]: Skipping C:\Users\owenp\.gradle\caches\modules-2\files-2.1\com.mojang\logging\1.2.7\24cb95ffb0e3433fd6e844c04e68009e504ca1c0\logging-1.2.7.jar because it was already located earlier
[28Sep2026 11:40:42.196] [main/DEBUG] [net.neoforged.fml.loading.moddiscovery.ModDiscoverer/]: Skipping C:\Users\owenp\.gradle\caches\modules-2\files-2.1\org.apache.logging.log4j\log4j-slf4j2-impl\2.22.1\d7e6693c2606cb7e7335047d7bb96dec52db5665\log4j-slf4j2-impl-2.22.1.jar because it was already located earlier
[28Sep2026 11:40:42.196] [main/DEBUG] [net.neoforged.fml.loading.moddiscovery.ModDiscoverer/]: Skipping C:\Users\owenp\.gradle\caches\modules-2\files-2.1\org.apache.logging.log4j\log4j-core\2.22.1\7183a25510a02ad00cc6a95d3b3d2a7d3c5a8dc4\log4j-core-2.22.1.jar because it was already located earlier
[28Sep2026 11:40:42.196] [main/DEBUG] [net.neoforged.fml.loading.moddiscovery.ModDiscoverer/]: Skipping C:\Users\owenp\.gradle\caches\modules-2\files-2.1\org.apache.logging.log4j\log4j-api\2.22.1\bea6fede6328fabafd7e68363161a7ea6605abd1\log4j-api-2.22.1.jar because it was already located earlier
[28Sep2026 11:40:42.197] [main/DEBUG] [net.neoforged.fml.loading.moddiscovery.ModDiscoverer/]: Skipping C:\Users\owenp\.gradle\caches\modules-2\files-2.1\com.google.guava\guava\32.1.2-jre\5e64ec7e056456bef3a4bc4c6fdaef71e8ab6318\guava-32.1.2-jre.jar because it was already located earlier
[28Sep2026 11:40:42.197] [main/DEBUG] [net.neoforged.fml.loading.moddiscovery.ModDiscoverer/]: Skipping C:\Users\owenp\.gradle\caches\modules-2\files-2.1\com.google.code.gson\gson\2.10.1\b3add478d4382b78ea20b1671390a858002feb6c\gson-2.10.1.jar because it was already located earlier
[28Sep2026 11:40:42.197] [main/DEBUG] [net.neoforged.fml.loading.moddiscovery.ModDiscoverer/]: Skipping C:\Users\owenp\.gradle\caches\modules-2\files-2.1\org.slf4j\slf4j-api\2.0.9\7cf2726fdcfbc8610f9a71fb3ed639871f315340\slf4j-api-2.0.9.jar because it was already located earlier
[28Sep2026 11:40:42.197] [main/DEBUG] [net.neoforged.fml.loading.moddiscovery.ModDiscoverer/]: Skipping C:\Users\owenp\.gradle\caches\modules-2\files-2.1\org.antlr\antlr4-runtime\4.13.1\17125bae1d965624e265ef49552f6465a2bfa307\antlr4-runtime-4.13.1.jar because it was already located earlier
[28Sep2026 11:40:42.197] [main/DEBUG] [net.neoforged.fml.loading.moddiscovery.ModDiscoverer/]: Skipping C:\Users\owenp\.gradle\caches\modules-2\files-2.1\net.minecraftforge\srgutils\0.4.15\ca408b131759478f164e010fae0d73997e125fb5\srgutils-0.4.15.jar because it was already located earlier
[28Sep2026 11:40:42.197] [main/DEBUG] [net.neoforged.fml.loading.moddiscovery.ModDiscoverer/]: Skipping C:\Users\owenp\.gradle\caches\modules-2\files-2.1\org.codehaus.plexus\plexus-utils\3.3.0\cf43b5391de623b36fe066a21127baef82c64022\plexus-utils-3.3.0.jar because it was already located earlier
[28Sep2026 11:40:42.197] [main/DEBUG] [net.neoforged.fml.loading.moddiscovery.ModDiscoverer/]: Skipping C:\Users\owenp\.gradle\caches\modules-2\files-2.1\org.jline\jline-reader\3.20.0\8f15415b022a25b473e8e16c28ae913186ffb9c4\jline-reader-3.20.0.jar because it was already located earlier
[28Sep2026 11:40:42.197] [main/DEBUG] [net.neoforged.fml.loading.moddiscovery.ModDiscoverer/]: Skipping C:\Users\owenp\.gradle\caches\modules-2\files-2.1\com.machinezoo.noexception\noexception\1.7.1\b65330c98e38a1f915fa54a6e5eca496505e3f0a\noexception-1.7.1.jar because it was already located earlier
[28Sep2026 11:40:42.197] [main/DEBUG] [net.neoforged.fml.loading.moddiscovery.ModDiscoverer/]: Skipping C:\Users\owenp\.gradle\caches\modules-2\files-2.1\com.github.oshi\oshi-core\6.4.10\b1d8ab82d11d92fd639b56d639f8f46f739dd5fa\oshi-core-6.4.10.jar because it was already located earlier
[28Sep2026 11:40:42.197] [main/DEBUG] [net.neoforged.fml.loading.moddiscovery.ModDiscoverer/]: Skipping C:\Users\owenp\.gradle\caches\modules-2\files-2.1\com.google.guava\failureaccess\1.0.1\1dcf1de382a0bf95a3d8b0849546c88bac1292c9\failureaccess-1.0.1.jar because it was already located earlier
[28Sep2026 11:40:42.197] [main/DEBUG] [net.neoforged.fml.loading.moddiscovery.ModDiscoverer/]: Skipping C:\Users\owenp\.gradle\caches\modules-2\files-2.1\com.ibm.icu\icu4j\73.2\61ad4ef7f9131fcf6d25c34b817f90d6da06c9e9\icu4j-73.2.jar because it was already located earlier
[28Sep2026 11:40:42.198] [main/DEBUG] [net.neoforged.fml.loading.moddiscovery.ModDiscoverer/]: Skipping C:\Users\owenp\.gradle\caches\modules-2\files-2.1\com.mojang\authlib\6.0.54\de8bc95660e1b2fe8793fd427a7a10dcec5b3ea7\authlib-6.0.54.jar because it was already located earlier
[28Sep2026 11:40:42.198] [main/DEBUG] [net.neoforged.fml.loading.moddiscovery.ModDiscoverer/]: Skipping C:\Users\owenp\.gradle\caches\modules-2\files-2.1\com.mojang\blocklist\1.0.10\5c685c5ffa94c4cd39496c7184c1d122e515ecef\blocklist-1.0.10.jar because it was already located earlier
[28Sep2026 11:40:42.198] [main/DEBUG] [net.neoforged.fml.loading.moddiscovery.ModDiscoverer/]: Skipping C:\Users\owenp\.gradle\caches\modules-2\files-2.1\com.mojang\brigadier\1.3.10\d15b53a14cf20fdcaa98f731af5dda654452c010\brigadier-1.3.10.jar because it was already located earlier
[28Sep2026 11:40:42.198] [main/DEBUG] [net.neoforged.fml.loading.moddiscovery.ModDiscoverer/]: Skipping C:\Users\owenp\.gradle\caches\modules-2\files-2.1\com.mojang\datafixerupper\8.0.16\67d4de6d7f95d89bcf5862995fb854ebaec02a34\datafixerupper-8.0.16.jar because it was already located earlier
[28Sep2026 11:40:42.198] [main/DEBUG] [net.neoforged.fml.loading.moddiscovery.ModDiscoverer/]: Skipping C:\Users\owenp\.gradle\caches\modules-2\files-2.1\com.mojang\patchy\2.2.10\da05971b07cbb379d002cf7eaec6a2048211fefc\patchy-2.2.10.jar because it was already located earlier
[28Sep2026 11:40:42.198] [main/DEBUG] [net.neoforged.fml.loading.moddiscovery.ModDiscoverer/]: Skipping C:\Users\owenp\.gradle\caches\modules-2\files-2.1\com.mojang\text2speech\1.17.9\3cad216e3a7f0c19b4b394388bc9ffc446f13b14\text2speech-1.17.9.jar because it was already located earlier
[28Sep2026 11:40:42.198] [main/DEBUG] [net.neoforged.fml.loading.moddiscovery.ModDiscoverer/]: Skipping C:\Users\owenp\.gradle\caches\modules-2\files-2.1\commons-codec\commons-codec\1.16.0\4e3eb3d79888d76b54e28b350915b5dc3919c9de\commons-codec-1.16.0.jar because it was already located earlier
[28Sep2026 11:40:42.198] [main/DEBUG] [net.neoforged.fml.loading.moddiscovery.ModDiscoverer/]: Skipping C:\Users\owenp\.gradle\caches\modules-2\files-2.1\commons-logging\commons-logging\1.2\4bfc12adfe4842bf07b657f0369c4cb522955686\commons-logging-1.2.jar because it was already located earlier
[28Sep2026 11:40:42.198] [main/DEBUG] [net.neoforged.fml.loading.moddiscovery.ModDiscoverer/]: Skipping C:\Users\owenp\.gradle\caches\modules-2\files-2.1\io.netty\netty-buffer\4.1.97.Final\f8f3d8644afa5e6e1a40a3a6aeb9d9aa970ecb4f\netty-buffer-4.1.97.Final.jar because it was already located earlier
[28Sep2026 11:40:42.198] [main/DEBUG] [net.neoforged.fml.loading.moddiscovery.ModDiscoverer/]: Skipping C:\Users\owenp\.gradle\caches\modules-2\files-2.1\io.netty\netty-codec\4.1.97.Final\384ba4d75670befbedb45c4d3b497a93639c206d\netty-codec-4.1.97.Final.jar because it was already located earlier
[28Sep2026 11:40:42.198] [main/DEBUG] [net.neoforged.fml.loading.moddiscovery.ModDiscoverer/]: Skipping C:\Users\owenp\.gradle\caches\modules-2\files-2.1\io.netty\netty-common\4.1.97.Final\7cceacaf11df8dc63f23d0fb58e9d4640fc88404\netty-common-4.1.97.Final.jar because it was already located earlier
[28Sep2026 11:40:42.200] [main/DEBUG] [net.neoforged.fml.loading.moddiscovery.ModDiscoverer/]: Skipping C:\Users\owenp\.gradle\caches\modules-2\files-2.1\io.netty\netty-handler\4.1.97.Final\abb86c6906bf512bf2b797a41cd7d2e8d3cd7c36\netty-handler-4.1.97.Final.jar because it was already located earlier
[28Sep2026 11:40:42.200] [main/DEBUG] [net.neoforged.fml.loading.moddiscovery.ModDiscoverer/]: Skipping C:\Users\owenp\.gradle\caches\modules-2\files-2.1\io.netty\netty-resolver\4.1.97.Final\cec8348108dc76c47cf87c669d514be52c922144\netty-resolver-4.1.97.Final.jar because it was already located earlier
[28Sep2026 11:40:42.200] [main/DEBUG] [net.neoforged.fml.loading.moddiscovery.ModDiscoverer/]: Skipping C:\Users\owenp\.gradle\caches\modules-2\files-2.1\io.netty\netty-transport-classes-epoll\4.1.97.Final\795da37ded759e862457a82d9d92c4d39ce8ecee\netty-transport-classes-epoll-4.1.97.Final.jar because it was already located earlier
[28Sep2026 11:40:42.200] [main/DEBUG] [net.neoforged.fml.loading.moddiscovery.ModDiscoverer/]: Skipping C:\Users\owenp\.gradle\caches\modules-2\files-2.1\io.netty\netty-transport-native-unix-common\4.1.97.Final\d469d84265ab70095b01b40886cabdd433b6e664\netty-transport-native-unix-common-4.1.97.Final.jar because it was already located earlier
[28Sep2026 11:40:42.200] [main/DEBUG] [net.neoforged.fml.loading.moddiscovery.ModDiscoverer/]: Skipping C:\Users\owenp\.gradle\caches\modules-2\files-2.1\io.netty\netty-transport\4.1.97.Final\f37380d23c9bb079bc702910833b2fd532c9abd0\netty-transport-4.1.97.Final.jar because it was already located earlier
[28Sep2026 11:40:42.200] [main/DEBUG] [net.neoforged.fml.loading.moddiscovery.ModDiscoverer/]: Skipping C:\Users\owenp\.gradle\caches\modules-2\files-2.1\it.unimi.dsi\fastutil\8.5.12\c24946d46824bd528054bface3231d2ecb7e95e8\fastutil-8.5.12.jar because it was already located earlier
[28Sep2026 11:40:42.200] [main/DEBUG] [net.neoforged.fml.loading.moddiscovery.ModDiscoverer/]: Skipping C:\Users\owenp\.gradle\caches\modules-2\files-2.1\net.java.dev.jna\jna-platform\5.14.0\28934d48aed814f11e4c584da55c49fa7032b31b\jna-platform-5.14.0.jar because it was already located earlier
[28Sep2026 11:40:42.200] [main/DEBUG] [net.neoforged.fml.loading.moddiscovery.ModDiscoverer/]: Skipping C:\Users\owenp\.gradle\caches\modules-2\files-2.1\net.java.dev.jna\jna\5.14.0\67bf3eaea4f0718cb376a181a629e5f88fa1c9dd\jna-5.14.0.jar because it was already located earlier
[28Sep2026 11:40:42.200] [main/DEBUG] [net.neoforged.fml.loading.moddiscovery.ModDiscoverer/]: Skipping C:\Users\owenp\.gradle\caches\modules-2\files-2.1\org.apache.commons\commons-compress\1.26.0\659feffdd12280201c8aacb8f7be94f9a883c824\commons-compress-1.26.0.jar because it was already located earlier
[28Sep2026 11:40:42.200] [main/DEBUG] [net.neoforged.fml.loading.moddiscovery.ModDiscoverer/]: Skipping C:\Users\owenp\.gradle\caches\modules-2\files-2.1\org.apache.httpcomponents\httpclient\4.5.13\e5f6cae5ca7ecaac1ec2827a9e2d65ae2869cada\httpclient-4.5.13.jar because it was already located earlier
[28Sep2026 11:40:42.200] [main/DEBUG] [net.neoforged.fml.loading.moddiscovery.ModDiscoverer/]: Skipping C:\Users\owenp\.gradle\caches\modules-2\files-2.1\org.apache.httpcomponents\httpcore\4.4.16\51cf043c87253c9f58b539c9f7e44c8894223850\httpcore-4.4.16.jar because it was already located earlier
[28Sep2026 11:40:42.200] [main/DEBUG] [net.neoforged.fml.loading.moddiscovery.ModDiscoverer/]: Skipping C:\Users\owenp\.gradle\caches\modules-2\files-2.1\org.jcraft\jorbis\0.0.17\8872d22b293e8f5d7d56ff92be966e6dc28ebdc6\jorbis-0.0.17.jar because it was already located earlier
[28Sep2026 11:40:42.200] [main/DEBUG] [net.neoforged.fml.loading.moddiscovery.ModDiscoverer/]: Skipping C:\Users\owenp\.gradle\caches\modules-2\files-2.1\org.joml\joml\1.10.5\22566d58af70ad3d72308bab63b8339906deb649\joml-1.10.5.jar because it was already located earlier
[28Sep2026 11:40:42.200] [main/DEBUG] [net.neoforged.fml.loading.moddiscovery.ModDiscoverer/]: Skipping C:\Users\owenp\.gradle\caches\modules-2\files-2.1\org.lwjgl\lwjgl-freetype\3.3.3\a0db6c84a8becc8ca05f9dbfa985edc348a824c7\lwjgl-freetype-3.3.3.jar because it was already located earlier
[28Sep2026 11:40:42.203] [main/DEBUG] [net.neoforged.fml.loading.moddiscovery.ModDiscoverer/]: Skipping C:\Users\owenp\.gradle\caches\modules-2\files-2.1\org.lwjgl\lwjgl-freetype\3.3.3\15a8c1de7f51d07a92eae7ce1222557073a0c0c3\lwjgl-freetype-3.3.3-natives-windows-x86.jar because it was already located earlier
[28Sep2026 11:40:42.203] [main/DEBUG] [net.neoforged.fml.loading.moddiscovery.ModDiscoverer/]: Skipping C:\Users\owenp\.gradle\caches\modules-2\files-2.1\org.lwjgl\lwjgl-glfw\3.3.3\efa1eb78c5ccd840e9f329717109b5e892d72f8e\lwjgl-glfw-3.3.3.jar because it was already located earlier
[28Sep2026 11:40:42.206] [main/DEBUG] [net.neoforged.fml.loading.moddiscovery.ModDiscoverer/]: Skipping C:\Users\owenp\.gradle\caches\modules-2\files-2.1\org.lwjgl\lwjgl-glfw\3.3.3\32334f3fd5270a59bad9939a93115acb6de36dcf\lwjgl-glfw-3.3.3-natives-windows-x86.jar because it was already located earlier
[28Sep2026 11:40:42.206] [main/DEBUG] [net.neoforged.fml.loading.moddiscovery.ModDiscoverer/]: Skipping C:\Users\owenp\.gradle\caches\modules-2\files-2.1\org.lwjgl\lwjgl-jemalloc\3.3.3\b543467b7ff3c6920539a88ee602d34098628be5\lwjgl-jemalloc-3.3.3.jar because it was already located earlier
[28Sep2026 11:40:42.206] [main/DEBUG] [net.neoforged.fml.loading.moddiscovery.ModDiscoverer/]: Skipping C:\Users\owenp\.gradle\caches\modules-2\files-2.1\org.lwjgl\lwjgl-jemalloc\3.3.3\426222fc027602a5f21b9c0fe79cde6a4c7a011f\lwjgl-jemalloc-3.3.3-natives-windows.jar because it was already located earlier
[28Sep2026 11:40:42.210] [main/DEBUG] [net.neoforged.fml.loading.moddiscovery.ModDiscoverer/]: Skipping C:\Users\owenp\.gradle\caches\modules-2\files-2.1\org.lwjgl\lwjgl-openal\3.3.3\daada81ceb5fc0c291fbfdd4433cb8d9423577f2\lwjgl-openal-3.3.3.jar because it was already located earlier
[28Sep2026 11:40:42.213] [main/DEBUG] [net.neoforged.fml.loading.moddiscovery.ModDiscoverer/]: Skipping C:\Users\owenp\.gradle\caches\modules-2\files-2.1\org.lwjgl\lwjgl-openal\3.3.3\87b8d5050e3adb46bb58fe1cb2669a4a48fce10d\lwjgl-openal-3.3.3-natives-windows-x86.jar because it was already located earlier
[28Sep2026 11:40:42.213] [main/DEBUG] [net.neoforged.fml.loading.moddiscovery.ModDiscoverer/]: Skipping C:\Users\owenp\.gradle\caches\modules-2\files-2.1\org.lwjgl\lwjgl-opengl\3.3.3\2f6b0147078396a58979125a4c947664e98293a\lwjgl-opengl-3.3.3.jar because it was already located earlier
[28Sep2026 11:40:42.214] [main/DEBUG] [net.neoforged.fml.loading.moddiscovery.ModDiscoverer/]: Skipping C:\Users\owenp\.gradle\caches\modules-2\files-2.1\org.lwjgl\lwjgl-opengl\3.3.3\65e956d3735a1abdc82eff4baec1b61174697d4b\lwjgl-opengl-3.3.3-natives-windows-arm64.jar because it was already located earlier
[28Sep2026 11:40:42.216] [main/DEBUG] [net.neoforged.fml.loading.moddiscovery.ModDiscoverer/]: Skipping C:\Users\owenp\.gradle\caches\modules-2\files-2.1\org.lwjgl\lwjgl-stb\3.3.3\25dd6161988d7e65f71d5065c99902402ee32746\lwjgl-stb-3.3.3.jar because it was already located earlier
[28Sep2026 11:40:42.216] [main/DEBUG] [net.neoforged.fml.loading.moddiscovery.ModDiscoverer/]: Skipping C:\Users\owenp\.gradle\caches\modules-2\files-2.1\org.lwjgl\lwjgl-stb\3.3.3\1d9facdf6541de114b0f963be33505b7679c78cb\lwjgl-stb-3.3.3-natives-windows.jar because it was already located earlier
[28Sep2026 11:40:42.219] [main/DEBUG] [net.neoforged.fml.loading.moddiscovery.ModDiscoverer/]: Skipping C:\Users\owenp\.gradle\caches\modules-2\files-2.1\org.lwjgl\lwjgl-tinyfd\3.3.3\82d755ca94b102e9ca77283b9e2dc46d1b15fbe5\lwjgl-tinyfd-3.3.3.jar because it was already located earlier
[28Sep2026 11:40:42.219] [main/DEBUG] [net.neoforged.fml.loading.moddiscovery.ModDiscoverer/]: Skipping C:\Users\owenp\.gradle\caches\modules-2\files-2.1\org.lwjgl\lwjgl-tinyfd\3.3.3\a6697981b0449a5087c1d546fc08b4f73e8f98c9\lwjgl-tinyfd-3.3.3-natives-windows.jar because it was already located earlier
[28Sep2026 11:40:42.222] [main/DEBUG] [net.neoforged.fml.loading.moddiscovery.ModDiscoverer/]: Skipping C:\Users\owenp\.gradle\caches\modules-2\files-2.1\org.lwjgl\lwjgl\3.3.3\29589b5f87ed335a6c7e7ee6a5775f81f97ecb84\lwjgl-3.3.3.jar because it was already located earlier
[28Sep2026 11:40:42.227] [main/DEBUG] [net.neoforged.fml.loading.moddiscovery.ModDiscoverer/]: Skipping C:\Users\owenp\.gradle\caches\modules-2\files-2.1\org.lwjgl\lwjgl\3.3.3\9e670718e050aeaeea0c2d5b907cffb142f2e58f\lwjgl-3.3.3-natives-windows-x86.jar because it was already located earlier
[28Sep2026 11:40:42.227] [main/DEBUG] [net.neoforged.fml.loading.moddiscovery.ModDiscoverer/]: Skipping C:\Users\owenp\.gradle\caches\modules-2\files-2.1\org.lz4\lz4-java\1.8.0\4b986a99445e49ea5fbf5d149c4b63f6ed6c6780\lz4-java-1.8.0.jar because it was already located earlier
[28Sep2026 11:40:42.227] [main/DEBUG] [net.neoforged.fml.loading.moddiscovery.ModDiscoverer/]: Skipping C:\Users\owenp\.gradle\caches\modules-2\files-2.1\org.jline\jline-terminal\3.20.0\d0ddcc708ddf527a3454c941b7b9225cc83a15ff\jline-terminal-3.20.0.jar because it was already located earlier
[28Sep2026 11:40:42.227] [main/DEBUG] [net.neoforged.fml.loading.moddiscovery.ModDiscoverer/]: Skipping C:\Users\owenp\.gradle\caches\modules-2\files-2.1\com.google.guava\listenablefuture\9999.0-empty-to-avoid-conflict-with-guava\b421526c5f297295adef1c886e5246c39d4ac629\listenablefuture-9999.0-empty-to-avoid-conflict-with-guava.jar because it was already located earlier
[28Sep2026 11:40:42.227] [main/DEBUG] [net.neoforged.fml.loading.moddiscovery.ModDiscoverer/]: Skipping C:\Users\owenp\.gradle\caches\modules-2\files-2.1\com.google.code.findbugs\jsr305\3.0.2\25ea2e8b0c338a877313bd4672d3fe056ea78f0d\jsr305-3.0.2.jar because it was already located earlier
[28Sep2026 11:40:42.227] [main/DEBUG] [net.neoforged.fml.loading.moddiscovery.ModDiscoverer/]: Skipping C:\Users\owenp\.gradle\caches\modules-2\files-2.1\org.checkerframework\checker-qual\3.33.0\de2b60b62da487644fc11f734e73c8b0b431238f\checker-qual-3.33.0.jar because it was already located earlier
[28Sep2026 11:40:42.227] [main/DEBUG] [net.neoforged.fml.loading.moddiscovery.ModDiscoverer/]: Skipping C:\Users\owenp\.gradle\caches\modules-2\files-2.1\com.google.errorprone\error_prone_annotations\2.18.0\89b684257096f548fa39a7df9fdaa409d4d4df91\error_prone_annotations-2.18.0.jar because it was already located earlier
[28Sep2026 11:40:42.227] [main/DEBUG] [net.neoforged.fml.loading.moddiscovery.ModDiscoverer/]: Skipping C:\Users\owenp\.gradle\caches\modules-2\files-2.1\com.google.j2objc\j2objc-annotations\2.8\c85270e307e7b822f1086b93689124b89768e273\j2objc-annotations-2.8.jar because it was already located earlier
[28Sep2026 11:40:42.229] [main/DEBUG] [net.neoforged.fml.loading.UniqueModListBuilder/]: Found 2 mods for first modid neoforge, selecting most recent based on version data
[28Sep2026 11:40:42.229] [main/DEBUG] [net.neoforged.fml.loading.UniqueModListBuilder/]: Selected file neoforge-21.1.234.jar for modid neoforge with version 21.1.234
[28Sep2026 11:40:42.282] [main/DEBUG] [net.neoforged.fml.loading.moddiscovery.ModFileParser/LOADING]: Considering mod file candidate 
[28Sep2026 11:40:42.285] [main/DEBUG] [net.neoforged.fml.loading.moddiscovery.ModFileInfo/LOADING]: Found valid mod file xaerolib-neoforge-1.21.1-1.7.3.jar with {xaerolib} mods - versions {1.7.3}
[28Sep2026 11:40:42.292] [main/DEBUG] [net.neoforged.fml.loading.moddiscovery.ModFileParser/LOADING]: Considering mod file candidate 
[28Sep2026 11:40:42.293] [main/DEBUG] [net.neoforged.fml.loading.moddiscovery.ModFileInfo/LOADING]: Found valid mod file xaerolib-neoforge-1.21.1-1.7.3.jar with {xaerolib} mods - versions {1.7.3}
[28Sep2026 11:40:42.329] [main/DEBUG] [net.neoforged.fml.loading.moddiscovery.ModFileParser/LOADING]: Considering mod file candidate 
[28Sep2026 11:40:42.329] [main/DEBUG] [net.neoforged.fml.loading.moddiscovery.ModFileInfo/LOADING]: Found valid mod file xaerolib-neoforge-1.21.1-1.7.3.jar with {xaerolib} mods - versions {1.7.3}
[28Sep2026 11:40:42.331] [main/INFO] [net.neoforged.fml.loading.moddiscovery.locators.JarInJarDependencyLocator/]: Found 3 dependencies adding them to mods collection
[28Sep2026 11:40:42.332] [main/INFO] [net.neoforged.fml.loading.moddiscovery.ModDiscoverer/]: 
     Mod List:
		Name Version (Mod Id)

		Minecraft 1.21.1 (minecraft)
		NeoForge 21.1.234 (neoforge)
		Owies Airport Pack Neoforge 0.3 (owies_airport_pack_neoforge)
		WorldEdit 7.3.8+6939-7d32b45 (worldedit)
		Xaero's Minimap 26.5.0 (xaerominimap)
		Xaero's World Map 1.46.0 (xaeroworldmap)
		XaeroLib 1.7.3 (xaerolib)
[28Sep2026 11:40:42.334] [main/DEBUG] [net.neoforged.fml.loading.moddiscovery.ModFileInfo/LOADING]: Found valid mod file neoforge-21.1.234.jar with {minecraft} mods - versions {1.21.1}
[28Sep2026 11:40:42.335] [main/DEBUG] [net.neoforged.fml.loading.moddiscovery.ModFile/LOADING]: Loading mod file C:\Users\owenp\dev\projects\Minecraft mods\Owies Airport Pack\Owies Airport Pack Neoforge\build\moddev\artifacts\neoforge-21.1.234.jar with languages [LanguageSpec[languageName=minecraft, acceptedVersions=1]]
[28Sep2026 11:40:42.335] [main/DEBUG] [net.neoforged.fml.loading.moddiscovery.ModFileParser/LOADING]: Considering mod file candidate 
[28Sep2026 11:40:42.335] [main/DEBUG] [net.neoforged.fml.loading.moddiscovery.ModFileInfo/LOADING]: Found valid mod file xaerolib-neoforge-1.21.1-1.7.3.jar with {xaerolib} mods - versions {1.7.3}
[28Sep2026 11:40:42.335] [main/DEBUG] [net.neoforged.fml.loading.moddiscovery.ModFile/LOADING]: Loading mod file  with languages [LanguageSpec[languageName=javafml, acceptedVersions=[4,)]]
[28Sep2026 11:40:42.337] [main/DEBUG] [net.neoforged.fml.loading.moddiscovery.ModFile/LOADING]: Found mixin config MixinConfig[config=xaerolib.mixins.json, requiredMods=[]]
[28Sep2026 11:40:42.337] [main/DEBUG] [net.neoforged.fml.loading.moddiscovery.ModFile/LOADING]: Found mixin config MixinConfig[config=xaerolib.neoforge.mixins.json, requiredMods=[]]
[28Sep2026 11:40:42.337] [main/DEBUG] [net.neoforged.fml.loading.moddiscovery.ModFileParser/LOADING]: Considering mod file candidate C:\Users\owenp\dev\projects\Minecraft mods\Owies Airport Pack\Owies Airport Pack Neoforge\run\mods\worldedit-mod-7.3.8 (1).jar
[28Sep2026 11:40:42.339] [main/DEBUG] [net.neoforged.fml.loading.moddiscovery.ModFileInfo/LOADING]: Found valid mod file worldedit-mod-7.3.8 (1).jar with {worldedit} mods - versions {7.3.8+6939-7d32b45}
[28Sep2026 11:40:42.339] [main/DEBUG] [net.neoforged.fml.loading.moddiscovery.ModFile/LOADING]: Loading mod file C:\Users\owenp\dev\projects\Minecraft mods\Owies Airport Pack\Owies Airport Pack Neoforge\run\mods\worldedit-mod-7.3.8 (1).jar with languages [LanguageSpec[languageName=javafml, acceptedVersions=[3,)]]
[28Sep2026 11:40:42.339] [main/DEBUG] [net.neoforged.fml.loading.moddiscovery.ModFile/LOADING]: Found mixin config MixinConfig[config=worldedit-neoforge.mixins.json, requiredMods=[]]
[28Sep2026 11:40:42.340] [main/DEBUG] [net.neoforged.fml.loading.moddiscovery.ModFileParser/LOADING]: Considering mod file candidate C:\Users\owenp\dev\projects\Minecraft mods\Owies Airport Pack\Owies Airport Pack Neoforge\run\mods\xaerominimap-neoforge-1.21.1-26.5.0.jar
[28Sep2026 11:40:42.342] [main/DEBUG] [net.neoforged.fml.loading.moddiscovery.ModFileInfo/LOADING]: Found valid mod file xaerominimap-neoforge-1.21.1-26.5.0.jar with {xaerominimap} mods - versions {26.5.0}
[28Sep2026 11:40:42.342] [main/DEBUG] [net.neoforged.fml.loading.moddiscovery.ModFile/LOADING]: Loading mod file C:\Users\owenp\dev\projects\Minecraft mods\Owies Airport Pack\Owies Airport Pack Neoforge\run\mods\xaerominimap-neoforge-1.21.1-26.5.0.jar with languages [LanguageSpec[languageName=javafml, acceptedVersions=[4,)]]
[28Sep2026 11:40:42.347] [main/DEBUG] [net.neoforged.fml.loading.moddiscovery.ModFileParser/LOADING]: Found coremod xaerohud_core with Javascript path META-INF/xaerohud_core.js
[28Sep2026 11:40:42.347] [main/DEBUG] [net.neoforged.fml.loading.moddiscovery.ModFileParser/LOADING]: Found coremod xaerohud_platform_core with Javascript path META-INF/xaerohud_platform_core.js
[28Sep2026 11:40:42.347] [main/DEBUG] [net.neoforged.fml.loading.moddiscovery.ModFile/LOADING]: Found mixin config MixinConfig[config=xaerohud.mixins.json, requiredMods=[]]
[28Sep2026 11:40:42.347] [main/DEBUG] [net.neoforged.fml.loading.moddiscovery.ModFile/LOADING]: Found mixin config MixinConfig[config=xaerohud.neoforge.mixins.json, requiredMods=[]]
[28Sep2026 11:40:42.347] [main/DEBUG] [net.neoforged.fml.loading.moddiscovery.ModFile/LOADING]: Found mixin config MixinConfig[config=xaerominimap.mixins.json, requiredMods=[]]
[28Sep2026 11:40:42.348] [main/DEBUG] [net.neoforged.fml.loading.moddiscovery.ModFile/LOADING]: Found mixin config MixinConfig[config=xaerominimap.neoforge.mixins.json, requiredMods=[]]
[28Sep2026 11:40:42.348] [main/DEBUG] [net.neoforged.fml.loading.moddiscovery.ModFileParser/LOADING]: Considering mod file candidate C:\Users\owenp\dev\projects\Minecraft mods\Owies Airport Pack\Owies Airport Pack Neoforge\build\moddev\artifacts\neoforge-21.1.234.jar
[28Sep2026 11:40:42.349] [main/DEBUG] [net.neoforged.fml.loading.moddiscovery.ModFileInfo/LOADING]: Found valid mod file neoforge-21.1.234.jar with {neoforge} mods - versions {21.1.234}
[28Sep2026 11:40:42.349] [main/DEBUG] [net.neoforged.fml.loading.moddiscovery.ModFile/LOADING]: Loading mod file C:\Users\owenp\dev\projects\Minecraft mods\Owies Airport Pack\Owies Airport Pack Neoforge\build\moddev\artifacts\neoforge-21.1.234.jar with languages [LanguageSpec[languageName=javafml, acceptedVersions=[3,]]]
[28Sep2026 11:40:42.349] [main/DEBUG] [net.neoforged.fml.loading.moddiscovery.ModFile/LOADING]: Found mixin config MixinConfig[config=neoforge.mixins.json, requiredMods=[]]
[28Sep2026 11:40:42.349] [main/DEBUG] [net.neoforged.fml.loading.moddiscovery.ModFileParser/LOADING]: Considering mod file candidate C:\Users\owenp\dev\projects\Minecraft mods\Owies Airport Pack\Owies Airport Pack Neoforge\run\mods\xaeroworldmap-neoforge-1.21.1-1.46.0.jar
[28Sep2026 11:40:42.350] [main/DEBUG] [net.neoforged.fml.loading.moddiscovery.ModFileInfo/LOADING]: Found valid mod file xaeroworldmap-neoforge-1.21.1-1.46.0.jar with {xaeroworldmap} mods - versions {1.46.0}
[28Sep2026 11:40:42.350] [main/DEBUG] [net.neoforged.fml.loading.moddiscovery.ModFile/LOADING]: Loading mod file C:\Users\owenp\dev\projects\Minecraft mods\Owies Airport Pack\Owies Airport Pack Neoforge\run\mods\xaeroworldmap-neoforge-1.21.1-1.46.0.jar with languages [LanguageSpec[languageName=javafml, acceptedVersions=[4,)]]
[28Sep2026 11:40:42.351] [main/DEBUG] [net.neoforged.fml.loading.moddiscovery.ModFileParser/LOADING]: Found coremod xaeroworldmap_core with Javascript path META-INF/xaeroworldmap_core.js
[28Sep2026 11:40:42.351] [main/DEBUG] [net.neoforged.fml.loading.moddiscovery.ModFileParser/LOADING]: Found coremod xaeroworldmap_platform_core with Javascript path META-INF/xaeroworldmap_platform_core.js
[28Sep2026 11:40:42.351] [main/DEBUG] [net.neoforged.fml.loading.moddiscovery.ModFile/LOADING]: Found mixin config MixinConfig[config=xaeroworldmap.mixins.json, requiredMods=[]]
[28Sep2026 11:40:42.351] [main/DEBUG] [net.neoforged.fml.loading.moddiscovery.ModFile/LOADING]: Found mixin config MixinConfig[config=xaeroworldmap.neoforge.mixins.json, requiredMods=[]]
[28Sep2026 11:40:42.351] [main/DEBUG] [net.neoforged.fml.loading.moddiscovery.ModFileParser/LOADING]: Considering mod file candidate C:\Users\owenp\dev\projects\Minecraft mods\Owies Airport Pack\Owies Airport Pack Neoforge\build\classes\java\main
[28Sep2026 11:40:42.352] [main/DEBUG] [net.neoforged.fml.loading.moddiscovery.ModFileInfo/LOADING]: Found valid mod file main with {owies_airport_pack_neoforge} mods - versions {0.3}
[28Sep2026 11:40:42.352] [main/DEBUG] [net.neoforged.fml.loading.moddiscovery.ModFile/LOADING]: Loading mod file C:\Users\owenp\dev\projects\Minecraft mods\Owies Airport Pack\Owies Airport Pack Neoforge\build\classes\java\main with languages [LanguageSpec[languageName=javafml, acceptedVersions=[4,)]]
[28Sep2026 11:40:42.352] [main/DEBUG] [net.neoforged.fml.loading.moddiscovery.ModFile/LOADING]: Found mixin config MixinConfig[config=owies_airport_pack_neoforge.mixins.json, requiredMods=[]]
[28Sep2026 11:40:42.352] [main/DEBUG] [net.neoforged.fml.loading.moddiscovery.ModFile/LOADING]: Loading mod file  with languages []
[28Sep2026 11:40:42.353] [main/DEBUG] [cpw.mods.modlauncher.TransformationServiceDecorator/MODLAUNCHER]: End scan trigger - transformation service fml
[28Sep2026 11:40:42.365] [main/DEBUG] [net.neoforged.fml.util.ServiceLoaderUtil/CORE]: Found 3 implementations of IModLanguageLoader:
[28Sep2026 11:40:42.365] [main/DEBUG] [net.neoforged.fml.util.ServiceLoaderUtil/CORE]: 	net.neoforged.fml.javafmlmod.FMLJavaModLanguageProvider from loader-4.0.42.jar
[28Sep2026 11:40:42.365] [main/DEBUG] [net.neoforged.fml.util.ServiceLoaderUtil/CORE]: 	net.neoforged.fml.lowcodemod.LowCodeModLanguageProvider from loader-4.0.42.jar
[28Sep2026 11:40:42.365] [main/DEBUG] [net.neoforged.fml.util.ServiceLoaderUtil/CORE]: 	net.neoforged.fml.mclanguageprovider.MinecraftModLanguageProvider from loader-4.0.42.jar
[28Sep2026 11:40:42.365] [main/DEBUG] [net.neoforged.fml.loading.LanguageProviderLoader/CORE]: Found language provider javafml, version 4.0.42
[28Sep2026 11:40:42.365] [main/DEBUG] [net.neoforged.fml.loading.LanguageProviderLoader/CORE]: Found language provider lowcodefml, version 4.0.42
[28Sep2026 11:40:42.365] [main/DEBUG] [net.neoforged.fml.loading.LanguageProviderLoader/CORE]: Found language provider minecraft, version 4.0.42
[28Sep2026 11:40:42.373] [main/DEBUG] [net.neoforged.fml.loading.ModSorter/]: Configured system mods: [minecraft, neoforge]
[28Sep2026 11:40:42.373] [main/DEBUG] [net.neoforged.fml.loading.ModSorter/]: Found system mod: minecraft
[28Sep2026 11:40:42.373] [main/DEBUG] [net.neoforged.fml.loading.ModSorter/]: Found system mod: neoforge
[28Sep2026 11:40:42.375] [main/DEBUG] [net.neoforged.fml.loading.ModSorter/LOADING]: Found 16 mod requirements (11 mandatory, 5 optional)
[28Sep2026 11:40:42.376] [main/DEBUG] [net.neoforged.fml.loading.ModSorter/LOADING]: Found 0 mod requirements missing (0 mandatory, 0 optional)
[28Sep2026 11:40:42.477] [main/DEBUG] [mixin/]: Adding mixin platform agents for container net.neoforged.fml.loading.mixin.FMLMixinContainerHandle@203c20cf
[28Sep2026 11:40:42.477] [main/DEBUG] [mixin/]: Instancing new MixinPlatformAgentMinecraftForge for net.neoforged.fml.loading.mixin.FMLMixinContainerHandle@203c20cf
[28Sep2026 11:40:42.477] [main/DEBUG] [mixin/]: MixinPlatformAgentMinecraftForge rejected container net.neoforged.fml.loading.mixin.FMLMixinContainerHandle@203c20cf
[28Sep2026 11:40:42.477] [main/DEBUG] [mixin/]: Instancing new MixinPlatformAgentDefault for net.neoforged.fml.loading.mixin.FMLMixinContainerHandle@203c20cf
[28Sep2026 11:40:42.477] [main/DEBUG] [mixin/]: MixinPlatformAgentDefault accepted container net.neoforged.fml.loading.mixin.FMLMixinContainerHandle@203c20cf
[28Sep2026 11:40:42.477] [main/DEBUG] [mixin/]: Instancing new FMLMixinPlatformAgent for net.neoforged.fml.loading.mixin.FMLMixinContainerHandle@203c20cf
[28Sep2026 11:40:42.477] [main/DEBUG] [mixin/]: FMLMixinPlatformAgent accepted container net.neoforged.fml.loading.mixin.FMLMixinContainerHandle@203c20cf
[28Sep2026 11:40:42.488] [main/DEBUG] [cpw.mods.modlauncher.TransformationServicesHandler/MODLAUNCHER]: Transformation services loading transformers
[28Sep2026 11:40:42.488] [main/DEBUG] [cpw.mods.modlauncher.TransformationServiceDecorator/MODLAUNCHER]: Initializing transformers for transformation service mixin
[28Sep2026 11:40:42.490] [main/DEBUG] [cpw.mods.modlauncher.TransformationServiceDecorator/MODLAUNCHER]: Initialized transformers for transformation service mixin
[28Sep2026 11:40:42.490] [main/DEBUG] [cpw.mods.modlauncher.TransformationServiceDecorator/MODLAUNCHER]: Initializing transformers for transformation service fml
[28Sep2026 11:40:42.490] [main/DEBUG] [net.neoforged.fml.loading.FMLServiceProvider/LOADING]: Loading coremod transformers
[28Sep2026 11:40:42.491] [main/INFO] [net.neoforged.fml.loading.FMLServiceProvider/CORE]: Loading coremod script-engine for [xaerominimap, xaeroworldmap]
[28Sep2026 11:40:42.495] [main/DEBUG] [net.neoforged.fml.loading.CoreModScriptLoader/CORE]: Loading coremod scripts
[28Sep2026 11:40:42.878] [main/DEBUG] [net.neoforged.coremod.CoreModScriptingEngine/COREMOD]: Loading CoreMod from META-INF/xaerohud_core.js
[28Sep2026 11:40:43.114] [main/DEBUG] [net.neoforged.coremod.CoreModScriptingEngine/COREMOD]: CoreMod loaded successfully
[28Sep2026 11:40:43.114] [main/DEBUG] [net.neoforged.coremod.CoreModScriptingEngine/COREMOD]: Loading CoreMod from META-INF/xaerohud_platform_core.js
[28Sep2026 11:40:43.124] [main/DEBUG] [net.neoforged.coremod.CoreModScriptingEngine/COREMOD]: CoreMod loaded successfully
[28Sep2026 11:40:43.124] [main/DEBUG] [net.neoforged.coremod.CoreModScriptingEngine/COREMOD]: Loading CoreMod from META-INF/xaeroworldmap_core.js
[28Sep2026 11:40:43.141] [main/DEBUG] [net.neoforged.coremod.CoreModScriptingEngine/COREMOD]: CoreMod loaded successfully
[28Sep2026 11:40:43.141] [main/DEBUG] [net.neoforged.coremod.CoreModScriptingEngine/COREMOD]: Loading CoreMod from META-INF/xaeroworldmap_platform_core.js
[28Sep2026 11:40:43.151] [main/DEBUG] [net.neoforged.coremod.CoreModScriptingEngine/COREMOD]: CoreMod loaded successfully
[28Sep2026 11:40:43.157] [main/DEBUG] [net.neoforged.fml.util.ServiceLoaderUtil/CORE]: Found 1 implementations of ICoreMod:
[28Sep2026 11:40:43.157] [main/DEBUG] [net.neoforged.fml.util.ServiceLoaderUtil/CORE]: 	net.neoforged.neoforge.coremods.NeoForgeCoreMod from neoforge-21.1.234.jar > net.neoforged.neoforge-coremods-21.1.234.jar
[28Sep2026 11:40:43.164] [main/DEBUG] [net.neoforged.fml.loading.FMLServiceProvider/CORE]: Adding [Target[className=net.minecraft.world.level.biome.Biome, elementName=, elementDescriptor=, targetType=cpw.mods.modlauncher.api.TargetType@3a393455]] transformer from core-mod net.neoforged.neoforge.coremods.NeoForgeCoreMod@75e09567 in neoforge-21.1.234.jar > net.neoforged.neoforge-coremods-21.1.234.jar
[28Sep2026 11:40:43.164] [main/DEBUG] [net.neoforged.fml.loading.FMLServiceProvider/CORE]: Adding [Target[className=net.minecraft.world.level.levelgen.structure.Structure, elementName=, elementDescriptor=, targetType=cpw.mods.modlauncher.api.TargetType@3a393455]] transformer from core-mod net.neoforged.neoforge.coremods.NeoForgeCoreMod@75e09567 in neoforge-21.1.234.jar > net.neoforged.neoforge-coremods-21.1.234.jar
[28Sep2026 11:40:43.164] [main/DEBUG] [net.neoforged.fml.loading.FMLServiceProvider/CORE]: Adding [Target[className=net.minecraft.world.level.block.FlowerPotBlock, elementName=, elementDescriptor=, targetType=cpw.mods.modlauncher.api.TargetType@3a393455]] transformer from core-mod net.neoforged.neoforge.coremods.NeoForgeCoreMod@75e09567 in neoforge-21.1.234.jar > net.neoforged.neoforge-coremods-21.1.234.jar
[28Sep2026 11:40:43.166] [main/DEBUG] [net.neoforged.fml.loading.FMLServiceProvider/CORE]: Adding [Target[className=net/minecraft/world/level/NaturalSpawner, elementName=, elementDescriptor=, targetType=cpw.mods.modlauncher.api.TargetType@3a393455], Target[className=net/minecraft/world/entity/ai/village/VillageSiege, elementName=, elementDescriptor=, targetType=cpw.mods.modlauncher.api.TargetType@3a393455], Target[className=net/minecraft/world/level/levelgen/PatrolSpawner, elementName=, elementDescriptor=, targetType=cpw.mods.modlauncher.api.TargetType@3a393455], Target[className=net/minecraft/world/entity/monster/Zombie, elementName=, elementDescriptor=, targetType=cpw.mods.modlauncher.api.TargetType@3a393455], Target[className=net/minecraft/server/commands/SummonCommand, elementName=, elementDescriptor=, targetType=cpw.mods.modlauncher.api.TargetType@3a393455], Target[className=net/minecraft/world/entity/EntityType, elementName=, elementDescriptor=, targetType=cpw.mods.modlauncher.api.TargetType@3a393455], Target[className=net/minecraft/world/entity/monster/Strider, elementName=, elementDescriptor=, targetType=cpw.mods.modlauncher.api.TargetType@3a393455], Target[className=net/minecraft/world/level/levelgen/structure/structures/WoodlandMansionPieces$WoodlandMansionPiece, elementName=, elementDescriptor=, targetType=cpw.mods.modlauncher.api.TargetType@3a393455], Target[className=net/minecraft/world/entity/animal/horse/SkeletonTrapGoal, elementName=, elementDescriptor=, targetType=cpw.mods.modlauncher.api.TargetType@3a393455], Target[className=net/minecraft/server/commands/RaidCommand, elementName=, elementDescriptor=, targetType=cpw.mods.modlauncher.api.TargetType@3a393455], Target[className=net/minecraft/world/entity/npc/CatSpawner, elementName=, elementDescriptor=, targetType=cpw.mods.modlauncher.api.TargetType@3a393455], Target[className=net/minecraft/world/level/levelgen/structure/structures/SwampHutPiece, elementName=, elementDescriptor=, targetType=cpw.mods.modlauncher.api.TargetType@3a393455], Target[className=net/minecraft/world/entity/monster/Evoker$EvokerSummonSpellGoal, elementName=, elementDescriptor=, targetType=cpw.mods.modlauncher.api.TargetType@3a393455], Target[className=net/minecraft/world/entity/raid/Raid, elementName=, elementDescriptor=, targetType=cpw.mods.modlauncher.api.TargetType@3a393455], Target[className=net/minecraft/world/level/levelgen/structure/structures/OceanMonumentPieces$OceanMonumentPiece, elementName=, elementDescriptor=, targetType=cpw.mods.modlauncher.api.TargetType@3a393455], Target[className=net/minecraft/world/level/levelgen/structure/templatesystem/StructureTemplate, elementName=, elementDescriptor=, targetType=cpw.mods.modlauncher.api.TargetType@3a393455], Target[className=net/minecraft/world/level/levelgen/structure/structures/OceanRuinPieces$OceanRuinPiece, elementName=, elementDescriptor=, targetType=cpw.mods.modlauncher.api.TargetType@3a393455], Target[className=net/minecraft/world/entity/monster/Spider, elementName=, elementDescriptor=, targetType=cpw.mods.modlauncher.api.TargetType@3a393455], Target[className=net/minecraft/world/entity/monster/ZombieVillager, elementName=, elementDescriptor=, targetType=cpw.mods.modlauncher.api.TargetType@3a393455], Target[className=net/minecraft/world/entity/npc/Villager, elementName=, elementDescriptor=, targetType=cpw.mods.modlauncher.api.TargetType@3a393455], Target[className=net/minecraft/world/level/levelgen/PhantomSpawner, elementName=, elementDescriptor=, targetType=cpw.mods.modlauncher.api.TargetType@3a393455], Target[className=net/minecraft/world/entity/animal/frog/Tadpole, elementName=, elementDescriptor=, targetType=cpw.mods.modlauncher.api.TargetType@3a393455]] transformer from core-mod net.neoforged.neoforge.coremods.NeoForgeCoreMod@75e09567 in neoforge-21.1.234.jar > net.neoforged.neoforge-coremods-21.1.234.jar
[28Sep2026 11:40:43.169] [main/DEBUG] [cpw.mods.modlauncher.TransformStore/MODLAUNCHER]: Adding transformer net.neoforged.neoforge.coremods.ReplaceFieldWithGetterAccess@4db60246 to Target : cpw.mods.modlauncher.api.TargetType@3a393455 {Lnet/minecraft/world/level/biome/Biome;} {} {V}
[28Sep2026 11:40:43.171] [main/DEBUG] [cpw.mods.modlauncher.TransformStore/MODLAUNCHER]: Adding transformer net.neoforged.neoforge.coremods.ReplaceFieldWithGetterAccess@18137eab to Target : cpw.mods.modlauncher.api.TargetType@3a393455 {Lnet/minecraft/world/level/levelgen/structure/Structure;} {} {V}
[28Sep2026 11:40:43.171] [main/DEBUG] [cpw.mods.modlauncher.TransformStore/MODLAUNCHER]: Adding transformer net.neoforged.neoforge.coremods.ReplaceFieldWithGetterAccess@727320fa to Target : cpw.mods.modlauncher.api.TargetType@3a393455 {Lnet/minecraft/world/level/block/FlowerPotBlock;} {} {V}
[28Sep2026 11:40:43.171] [main/DEBUG] [cpw.mods.modlauncher.TransformStore/MODLAUNCHER]: Adding transformer net.neoforged.neoforge.coremods.MethodRedirector@2935fd2c to Target : cpw.mods.modlauncher.api.TargetType@3a393455 {Lnet/minecraft/world/level/NaturalSpawner;} {} {V}
[28Sep2026 11:40:43.171] [main/DEBUG] [cpw.mods.modlauncher.TransformStore/MODLAUNCHER]: Adding transformer net.neoforged.neoforge.coremods.MethodRedirector@2935fd2c to Target : cpw.mods.modlauncher.api.TargetType@3a393455 {Lnet/minecraft/world/entity/ai/village/VillageSiege;} {} {V}
[28Sep2026 11:40:43.171] [main/DEBUG] [cpw.mods.modlauncher.TransformStore/MODLAUNCHER]: Adding transformer net.neoforged.neoforge.coremods.MethodRedirector@2935fd2c to Target : cpw.mods.modlauncher.api.TargetType@3a393455 {Lnet/minecraft/world/level/levelgen/PatrolSpawner;} {} {V}
[28Sep2026 11:40:43.171] [main/DEBUG] [cpw.mods.modlauncher.TransformStore/MODLAUNCHER]: Adding transformer net.neoforged.neoforge.coremods.MethodRedirector@2935fd2c to Target : cpw.mods.modlauncher.api.TargetType@3a393455 {Lnet/minecraft/world/entity/monster/Zombie;} {} {V}
[28Sep2026 11:40:43.171] [main/DEBUG] [cpw.mods.modlauncher.TransformStore/MODLAUNCHER]: Adding transformer net.neoforged.neoforge.coremods.MethodRedirector@2935fd2c to Target : cpw.mods.modlauncher.api.TargetType@3a393455 {Lnet/minecraft/server/commands/SummonCommand;} {} {V}
[28Sep2026 11:40:43.171] [main/DEBUG] [cpw.mods.modlauncher.TransformStore/MODLAUNCHER]: Adding transformer net.neoforged.neoforge.coremods.MethodRedirector@2935fd2c to Target : cpw.mods.modlauncher.api.TargetType@3a393455 {Lnet/minecraft/world/entity/EntityType;} {} {V}
[28Sep2026 11:40:43.171] [main/DEBUG] [cpw.mods.modlauncher.TransformStore/MODLAUNCHER]: Adding transformer net.neoforged.neoforge.coremods.MethodRedirector@2935fd2c to Target : cpw.mods.modlauncher.api.TargetType@3a393455 {Lnet/minecraft/world/entity/monster/Strider;} {} {V}
[28Sep2026 11:40:43.171] [main/DEBUG] [cpw.mods.modlauncher.TransformStore/MODLAUNCHER]: Adding transformer net.neoforged.neoforge.coremods.MethodRedirector@2935fd2c to Target : cpw.mods.modlauncher.api.TargetType@3a393455 {Lnet/minecraft/world/level/levelgen/structure/structures/WoodlandMansionPieces$WoodlandMansionPiece;} {} {V}
[28Sep2026 11:40:43.171] [main/DEBUG] [cpw.mods.modlauncher.TransformStore/MODLAUNCHER]: Adding transformer net.neoforged.neoforge.coremods.MethodRedirector@2935fd2c to Target : cpw.mods.modlauncher.api.TargetType@3a393455 {Lnet/minecraft/world/entity/animal/horse/SkeletonTrapGoal;} {} {V}
[28Sep2026 11:40:43.171] [main/DEBUG] [cpw.mods.modlauncher.TransformStore/MODLAUNCHER]: Adding transformer net.neoforged.neoforge.coremods.MethodRedirector@2935fd2c to Target : cpw.mods.modlauncher.api.TargetType@3a393455 {Lnet/minecraft/server/commands/RaidCommand;} {} {V}
[28Sep2026 11:40:43.171] [main/DEBUG] [cpw.mods.modlauncher.TransformStore/MODLAUNCHER]: Adding transformer net.neoforged.neoforge.coremods.MethodRedirector@2935fd2c to Target : cpw.mods.modlauncher.api.TargetType@3a393455 {Lnet/minecraft/world/entity/npc/CatSpawner;} {} {V}
[28Sep2026 11:40:43.171] [main/DEBUG] [cpw.mods.modlauncher.TransformStore/MODLAUNCHER]: Adding transformer net.neoforged.neoforge.coremods.MethodRedirector@2935fd2c to Target : cpw.mods.modlauncher.api.TargetType@3a393455 {Lnet/minecraft/world/level/levelgen/structure/structures/SwampHutPiece;} {} {V}
[28Sep2026 11:40:43.171] [main/DEBUG] [cpw.mods.modlauncher.TransformStore/MODLAUNCHER]: Adding transformer net.neoforged.neoforge.coremods.MethodRedirector@2935fd2c to Target : cpw.mods.modlauncher.api.TargetType@3a393455 {Lnet/minecraft/world/entity/monster/Evoker$EvokerSummonSpellGoal;} {} {V}
[28Sep2026 11:40:43.171] [main/DEBUG] [cpw.mods.modlauncher.TransformStore/MODLAUNCHER]: Adding transformer net.neoforged.neoforge.coremods.MethodRedirector@2935fd2c to Target : cpw.mods.modlauncher.api.TargetType@3a393455 {Lnet/minecraft/world/entity/raid/Raid;} {} {V}
[28Sep2026 11:40:43.171] [main/DEBUG] [cpw.mods.modlauncher.TransformStore/MODLAUNCHER]: Adding transformer net.neoforged.neoforge.coremods.MethodRedirector@2935fd2c to Target : cpw.mods.modlauncher.api.TargetType@3a393455 {Lnet/minecraft/world/level/levelgen/structure/structures/OceanMonumentPieces$OceanMonumentPiece;} {} {V}
[28Sep2026 11:40:43.171] [main/DEBUG] [cpw.mods.modlauncher.TransformStore/MODLAUNCHER]: Adding transformer net.neoforged.neoforge.coremods.MethodRedirector@2935fd2c to Target : cpw.mods.modlauncher.api.TargetType@3a393455 {Lnet/minecraft/world/level/levelgen/structure/templatesystem/StructureTemplate;} {} {V}
[28Sep2026 11:40:43.171] [main/DEBUG] [cpw.mods.modlauncher.TransformStore/MODLAUNCHER]: Adding transformer net.neoforged.neoforge.coremods.MethodRedirector@2935fd2c to Target : cpw.mods.modlauncher.api.TargetType@3a393455 {Lnet/minecraft/world/level/levelgen/structure/structures/OceanRuinPieces$OceanRuinPiece;} {} {V}
[28Sep2026 11:40:43.171] [main/DEBUG] [cpw.mods.modlauncher.TransformStore/MODLAUNCHER]: Adding transformer net.neoforged.neoforge.coremods.MethodRedirector@2935fd2c to Target : cpw.mods.modlauncher.api.TargetType@3a393455 {Lnet/minecraft/world/entity/monster/Spider;} {} {V}
[28Sep2026 11:40:43.171] [main/DEBUG] [cpw.mods.modlauncher.TransformStore/MODLAUNCHER]: Adding transformer net.neoforged.neoforge.coremods.MethodRedirector@2935fd2c to Target : cpw.mods.modlauncher.api.TargetType@3a393455 {Lnet/minecraft/world/entity/monster/ZombieVillager;} {} {V}
[28Sep2026 11:40:43.171] [main/DEBUG] [cpw.mods.modlauncher.TransformStore/MODLAUNCHER]: Adding transformer net.neoforged.neoforge.coremods.MethodRedirector@2935fd2c to Target : cpw.mods.modlauncher.api.TargetType@3a393455 {Lnet/minecraft/world/entity/npc/Villager;} {} {V}
[28Sep2026 11:40:43.171] [main/DEBUG] [cpw.mods.modlauncher.TransformStore/MODLAUNCHER]: Adding transformer net.neoforged.neoforge.coremods.MethodRedirector@2935fd2c to Target : cpw.mods.modlauncher.api.TargetType@3a393455 {Lnet/minecraft/world/level/levelgen/PhantomSpawner;} {} {V}
[28Sep2026 11:40:43.171] [main/DEBUG] [cpw.mods.modlauncher.TransformStore/MODLAUNCHER]: Adding transformer net.neoforged.neoforge.coremods.MethodRedirector@2935fd2c to Target : cpw.mods.modlauncher.api.TargetType@3a393455 {Lnet/minecraft/world/entity/animal/frog/Tadpole;} {} {V}
[28Sep2026 11:40:43.173] [main/DEBUG] [cpw.mods.modlauncher.TransformationServiceDecorator/MODLAUNCHER]: Initialized transformers for transformation service fml
[28Sep2026 11:40:43.492] [main/DEBUG] [mixin/]: Processing prepare() for PlatformAgent[MixinPlatformAgentDefault:ModLauncher Root Container(ModLauncher:4f56a0a2)]
[28Sep2026 11:40:43.492] [main/DEBUG] [mixin/]: Processing prepare() for PlatformAgent[MixinPlatformAgentDefault:net.neoforged.fml.loading.mixin.FMLMixinContainerHandle@203c20cf]
[28Sep2026 11:40:43.492] [main/DEBUG] [mixin/]: Processing prepare() for PlatformAgent[FMLMixinPlatformAgent:null]
[28Sep2026 11:40:43.547] [main/DEBUG] [mixin/]: Compatibility level JAVA_17 specified by xaerolib.mixins.json is higher than the maximum level supported by this version of mixin (JAVA_13).
[28Sep2026 11:40:43.550] [main/INFO] [mixin/]: Compatibility level set to JAVA_17
[28Sep2026 11:40:43.552] [main/DEBUG] [mixin/]: Mixin config worldedit-neoforge.mixins.json does not specify "minVersion" or "requiredFeatures" property
[28Sep2026 11:40:43.555] [main/DEBUG] [mixin/]: Compatibility level JAVA_21 specified by owies_airport_pack_neoforge.mixins.json is higher than the maximum level supported by this version of mixin (JAVA_13).
[28Sep2026 11:40:43.555] [main/INFO] [mixin/]: Compatibility level set to JAVA_21
[28Sep2026 11:40:43.556] [main/DEBUG] [mixin/]: Compatibility level JAVA_17 specified by xaeroworldmap.mixins.json is higher than the maximum level supported by this version of mixin (JAVA_13).
[28Sep2026 11:40:43.557] [main/DEBUG] [mixin/]: Compatibility level JAVA_17 specified by xaeroworldmap.neoforge.mixins.json is higher than the maximum level supported by this version of mixin (JAVA_13).
[28Sep2026 11:40:43.559] [main/DEBUG] [mixin/]: Processing launch tasks for PlatformAgent[MixinPlatformAgentDefault:ModLauncher Root Container(ModLauncher:4f56a0a2)]
[28Sep2026 11:40:43.559] [main/DEBUG] [mixin/]: Adding mixin platform agents for container SecureJarResource(mixin_synthetic)
[28Sep2026 11:40:43.559] [main/DEBUG] [mixin/]: Instancing new MixinPlatformAgentMinecraftForge for SecureJarResource(mixin_synthetic)
[28Sep2026 11:40:43.559] [main/DEBUG] [mixin/]: MixinPlatformAgentMinecraftForge rejected container SecureJarResource(mixin_synthetic)
[28Sep2026 11:40:43.559] [main/DEBUG] [mixin/]: Instancing new MixinPlatformAgentDefault for SecureJarResource(mixin_synthetic)
[28Sep2026 11:40:43.559] [main/DEBUG] [mixin/]: MixinPlatformAgentDefault accepted container SecureJarResource(mixin_synthetic)
[28Sep2026 11:40:43.559] [main/DEBUG] [mixin/]: Instancing new FMLMixinPlatformAgent for SecureJarResource(mixin_synthetic)
[28Sep2026 11:40:43.559] [main/DEBUG] [mixin/]: FMLMixinPlatformAgent rejected container SecureJarResource(mixin_synthetic)
[28Sep2026 11:40:43.559] [main/DEBUG] [mixin/]: Processing prepare() for PlatformAgent[MixinPlatformAgentDefault:SecureJarResource(mixin_synthetic)]
[28Sep2026 11:40:43.559] [main/DEBUG] [mixin/]: Adding mixin platform agents for container SecureJarResource(minecraft)
[28Sep2026 11:40:43.559] [main/DEBUG] [mixin/]: Instancing new MixinPlatformAgentMinecraftForge for SecureJarResource(minecraft)
[28Sep2026 11:40:43.559] [main/DEBUG] [mixin/]: MixinPlatformAgentMinecraftForge rejected container SecureJarResource(minecraft)
[28Sep2026 11:40:43.559] [main/DEBUG] [mixin/]: Instancing new MixinPlatformAgentDefault for SecureJarResource(minecraft)
[28Sep2026 11:40:43.559] [main/DEBUG] [mixin/]: MixinPlatformAgentDefault accepted container SecureJarResource(minecraft)
[28Sep2026 11:40:43.559] [main/DEBUG] [mixin/]: Instancing new FMLMixinPlatformAgent for SecureJarResource(minecraft)
[28Sep2026 11:40:43.559] [main/DEBUG] [mixin/]: FMLMixinPlatformAgent rejected container SecureJarResource(minecraft)
[28Sep2026 11:40:43.559] [main/DEBUG] [mixin/]: Processing prepare() for PlatformAgent[MixinPlatformAgentDefault:SecureJarResource(minecraft)]
[28Sep2026 11:40:43.559] [main/DEBUG] [mixin/]: Adding mixin platform agents for container SecureJarResource(xaerolib)
[28Sep2026 11:40:43.559] [main/DEBUG] [mixin/]: Instancing new MixinPlatformAgentMinecraftForge for SecureJarResource(xaerolib)
[28Sep2026 11:40:43.559] [main/DEBUG] [mixin/]: MixinPlatformAgentMinecraftForge rejected container SecureJarResource(xaerolib)
[28Sep2026 11:40:43.560] [main/DEBUG] [mixin/]: Instancing new MixinPlatformAgentDefault for SecureJarResource(xaerolib)
[28Sep2026 11:40:43.560] [main/DEBUG] [mixin/]: MixinPlatformAgentDefault accepted container SecureJarResource(xaerolib)
[28Sep2026 11:40:43.560] [main/DEBUG] [mixin/]: Instancing new FMLMixinPlatformAgent for SecureJarResource(xaerolib)
[28Sep2026 11:40:43.560] [main/DEBUG] [mixin/]: FMLMixinPlatformAgent rejected container SecureJarResource(xaerolib)
[28Sep2026 11:40:43.560] [main/DEBUG] [mixin/]: Processing prepare() for PlatformAgent[MixinPlatformAgentDefault:SecureJarResource(xaerolib)]
[28Sep2026 11:40:43.560] [main/DEBUG] [mixin/]: Adding mixin platform agents for container SecureJarResource(worldedit)
[28Sep2026 11:40:43.560] [main/DEBUG] [mixin/]: Instancing new MixinPlatformAgentMinecraftForge for SecureJarResource(worldedit)
[28Sep2026 11:40:43.560] [main/DEBUG] [mixin/]: MixinPlatformAgentMinecraftForge rejected container SecureJarResource(worldedit)
[28Sep2026 11:40:43.560] [main/DEBUG] [mixin/]: Instancing new MixinPlatformAgentDefault for SecureJarResource(worldedit)
[28Sep2026 11:40:43.560] [main/DEBUG] [mixin/]: MixinPlatformAgentDefault accepted container SecureJarResource(worldedit)
[28Sep2026 11:40:43.560] [main/DEBUG] [mixin/]: Instancing new FMLMixinPlatformAgent for SecureJarResource(worldedit)
[28Sep2026 11:40:43.560] [main/DEBUG] [mixin/]: FMLMixinPlatformAgent rejected container SecureJarResource(worldedit)
[28Sep2026 11:40:43.560] [main/DEBUG] [mixin/]: Processing prepare() for PlatformAgent[MixinPlatformAgentDefault:SecureJarResource(worldedit)]
[28Sep2026 11:40:43.560] [main/DEBUG] [mixin/]: Adding mixin platform agents for container SecureJarResource(xaerominimap)
[28Sep2026 11:40:43.560] [main/DEBUG] [mixin/]: Instancing new MixinPlatformAgentMinecraftForge for SecureJarResource(xaerominimap)
[28Sep2026 11:40:43.560] [main/DEBUG] [mixin/]: MixinPlatformAgentMinecraftForge rejected container SecureJarResource(xaerominimap)
[28Sep2026 11:40:43.560] [main/DEBUG] [mixin/]: Instancing new MixinPlatformAgentDefault for SecureJarResource(xaerominimap)
[28Sep2026 11:40:43.560] [main/DEBUG] [mixin/]: MixinPlatformAgentDefault accepted container SecureJarResource(xaerominimap)
[28Sep2026 11:40:43.560] [main/DEBUG] [mixin/]: Instancing new FMLMixinPlatformAgent for SecureJarResource(xaerominimap)
[28Sep2026 11:40:43.560] [main/DEBUG] [mixin/]: FMLMixinPlatformAgent rejected container SecureJarResource(xaerominimap)
[28Sep2026 11:40:43.560] [main/DEBUG] [mixin/]: Processing prepare() for PlatformAgent[MixinPlatformAgentDefault:SecureJarResource(xaerominimap)]
[28Sep2026 11:40:43.560] [main/DEBUG] [mixin/]: Adding mixin platform agents for container SecureJarResource(owies_airport_pack_neoforge)
[28Sep2026 11:40:43.560] [main/DEBUG] [mixin/]: Instancing new MixinPlatformAgentMinecraftForge for SecureJarResource(owies_airport_pack_neoforge)
[28Sep2026 11:40:43.560] [main/DEBUG] [mixin/]: MixinPlatformAgentMinecraftForge rejected container SecureJarResource(owies_airport_pack_neoforge)
[28Sep2026 11:40:43.560] [main/DEBUG] [mixin/]: Instancing new MixinPlatformAgentDefault for SecureJarResource(owies_airport_pack_neoforge)
[28Sep2026 11:40:43.560] [main/DEBUG] [mixin/]: MixinPlatformAgentDefault accepted container SecureJarResource(owies_airport_pack_neoforge)
[28Sep2026 11:40:43.560] [main/DEBUG] [mixin/]: Instancing new FMLMixinPlatformAgent for SecureJarResource(owies_airport_pack_neoforge)
[28Sep2026 11:40:43.560] [main/DEBUG] [mixin/]: FMLMixinPlatformAgent rejected container SecureJarResource(owies_airport_pack_neoforge)
[28Sep2026 11:40:43.560] [main/DEBUG] [mixin/]: Processing prepare() for PlatformAgent[MixinPlatformAgentDefault:SecureJarResource(owies_airport_pack_neoforge)]
[28Sep2026 11:40:43.560] [main/DEBUG] [mixin/]: Adding mixin platform agents for container SecureJarResource(xaeroworldmap)
[28Sep2026 11:40:43.560] [main/DEBUG] [mixin/]: Instancing new MixinPlatformAgentMinecraftForge for SecureJarResource(xaeroworldmap)
[28Sep2026 11:40:43.560] [main/DEBUG] [mixin/]: MixinPlatformAgentMinecraftForge rejected container SecureJarResource(xaeroworldmap)
[28Sep2026 11:40:43.560] [main/DEBUG] [mixin/]: Instancing new MixinPlatformAgentDefault for SecureJarResource(xaeroworldmap)
[28Sep2026 11:40:43.560] [main/DEBUG] [mixin/]: MixinPlatformAgentDefault accepted container SecureJarResource(xaeroworldmap)
[28Sep2026 11:40:43.560] [main/DEBUG] [mixin/]: Instancing new FMLMixinPlatformAgent for SecureJarResource(xaeroworldmap)
[28Sep2026 11:40:43.560] [main/DEBUG] [mixin/]: FMLMixinPlatformAgent rejected container SecureJarResource(xaeroworldmap)
[28Sep2026 11:40:43.560] [main/DEBUG] [mixin/]: Processing prepare() for PlatformAgent[MixinPlatformAgentDefault:SecureJarResource(xaeroworldmap)]
[28Sep2026 11:40:43.560] [main/DEBUG] [mixin/]: Adding mixin platform agents for container SecureJarResource(mixinextras.neoforge)
[28Sep2026 11:40:43.560] [main/DEBUG] [mixin/]: Instancing new MixinPlatformAgentMinecraftForge for SecureJarResource(mixinextras.neoforge)
[28Sep2026 11:40:43.560] [main/DEBUG] [mixin/]: MixinPlatformAgentMinecraftForge rejected container SecureJarResource(mixinextras.neoforge)
[28Sep2026 11:40:43.560] [main/DEBUG] [mixin/]: Instancing new MixinPlatformAgentDefault for SecureJarResource(mixinextras.neoforge)
[28Sep2026 11:40:43.560] [main/DEBUG] [mixin/]: MixinPlatformAgentDefault accepted container SecureJarResource(mixinextras.neoforge)
[28Sep2026 11:40:43.560] [main/DEBUG] [mixin/]: Instancing new FMLMixinPlatformAgent for SecureJarResource(mixinextras.neoforge)
[28Sep2026 11:40:43.560] [main/DEBUG] [mixin/]: FMLMixinPlatformAgent rejected container SecureJarResource(mixinextras.neoforge)
[28Sep2026 11:40:43.560] [main/DEBUG] [mixin/]: Processing prepare() for PlatformAgent[MixinPlatformAgentDefault:SecureJarResource(mixinextras.neoforge)]
[28Sep2026 11:40:43.562] [main/DEBUG] [mixin/]: Registering mixin config: mixinextras.init.mixins.json source=SecureJarResource(mixinextras.neoforge)
[28Sep2026 11:40:43.562] [main/DEBUG] [mixin/]: inject() running with 10 agents
[28Sep2026 11:40:43.562] [main/DEBUG] [mixin/]: Processing inject() for PlatformAgent[MixinPlatformAgentDefault:ModLauncher Root Container(ModLauncher:4f56a0a2)]
[28Sep2026 11:40:43.562] [main/DEBUG] [mixin/]: Processing inject() for PlatformAgent[MixinPlatformAgentDefault:net.neoforged.fml.loading.mixin.FMLMixinContainerHandle@203c20cf]
[28Sep2026 11:40:43.562] [main/DEBUG] [mixin/]: Processing inject() for PlatformAgent[FMLMixinPlatformAgent:null]
[28Sep2026 11:40:43.562] [main/DEBUG] [mixin/]: Processing inject() for PlatformAgent[MixinPlatformAgentDefault:SecureJarResource(mixin_synthetic)]
[28Sep2026 11:40:43.562] [main/DEBUG] [mixin/]: Processing inject() for PlatformAgent[MixinPlatformAgentDefault:SecureJarResource(minecraft)]
[28Sep2026 11:40:43.562] [main/DEBUG] [mixin/]: Processing inject() for PlatformAgent[MixinPlatformAgentDefault:SecureJarResource(xaerolib)]
[28Sep2026 11:40:43.562] [main/DEBUG] [mixin/]: Processing inject() for PlatformAgent[MixinPlatformAgentDefault:SecureJarResource(worldedit)]
[28Sep2026 11:40:43.562] [main/DEBUG] [mixin/]: Processing inject() for PlatformAgent[MixinPlatformAgentDefault:SecureJarResource(xaerominimap)]
[28Sep2026 11:40:43.562] [main/DEBUG] [mixin/]: Processing inject() for PlatformAgent[MixinPlatformAgentDefault:SecureJarResource(owies_airport_pack_neoforge)]
[28Sep2026 11:40:43.562] [main/DEBUG] [mixin/]: Processing inject() for PlatformAgent[MixinPlatformAgentDefault:SecureJarResource(xaeroworldmap)]
[28Sep2026 11:40:43.562] [main/DEBUG] [mixin/]: Processing inject() for PlatformAgent[MixinPlatformAgentDefault:SecureJarResource(mixinextras.neoforge)]
[28Sep2026 11:40:43.563] [main/INFO] [cpw.mods.modlauncher.LaunchServiceHandler/MODLAUNCHER]: Launching target 'forgeclientdev' with arguments [--version, 21.1.234, --gameDir, ., --assetsDir, C:\Users\owenp\.gradle\caches\neoformruntime\assets, --assetIndex, 17]
[28Sep2026 11:40:43.609] [main/DEBUG] [mixin/]: Preparing mixins for MixinEnvironment[DEFAULT]
[28Sep2026 11:40:43.610] [main/DEBUG] [mixin/]: Selecting config xaerolib.mixins.json
[28Sep2026 11:40:43.619] [main/WARN] [mixin/]: Reference map 'xaerolib.refmap.json' for xaerolib.mixins.json could not be read. If this is a development environment you can ignore this message
[28Sep2026 11:40:43.619] [main/DEBUG] [mixin/]: Selecting config xaerolib.neoforge.mixins.json
[28Sep2026 11:40:43.620] [main/DEBUG] [mixin/]: Selecting config worldedit-neoforge.mixins.json
[28Sep2026 11:40:43.620] [main/WARN] [mixin/]: Reference map 'worldedit-neoforge.mixins.refmap.json' for worldedit-neoforge.mixins.json could not be read. If this is a development environment you can ignore this message
[28Sep2026 11:40:43.620] [main/DEBUG] [mixin/]: Selecting config xaerohud.mixins.json
[28Sep2026 11:40:43.620] [main/WARN] [mixin/]: Reference map 'xaerominimap.refmap.json' for xaerohud.mixins.json could not be read. If this is a development environment you can ignore this message
[28Sep2026 11:40:43.620] [main/DEBUG] [mixin/]: Selecting config xaerohud.neoforge.mixins.json
[28Sep2026 11:40:43.621] [main/DEBUG] [mixin/]: Selecting config xaerominimap.mixins.json
[28Sep2026 11:40:43.621] [main/WARN] [mixin/]: Reference map 'xaerominimap.refmap.json' for xaerominimap.mixins.json could not be read. If this is a development environment you can ignore this message
[28Sep2026 11:40:43.621] [main/DEBUG] [mixin/]: Selecting config xaerominimap.neoforge.mixins.json
[28Sep2026 11:40:43.621] [main/DEBUG] [mixin/]: Selecting config owies_airport_pack_neoforge.mixins.json
[28Sep2026 11:40:43.621] [main/DEBUG] [mixin/]: Selecting config xaeroworldmap.mixins.json
[28Sep2026 11:40:43.621] [main/WARN] [mixin/]: Reference map 'xaeroworldmap.refmap.json' for xaeroworldmap.mixins.json could not be read. If this is a development environment you can ignore this message
[28Sep2026 11:40:43.621] [main/DEBUG] [mixin/]: Selecting config xaeroworldmap.neoforge.mixins.json
[28Sep2026 11:40:43.621] [main/DEBUG] [mixin/]: Selecting config neoforge.mixins.json
[28Sep2026 11:40:43.621] [main/DEBUG] [mixin/]: Selecting config mixinextras.init.mixins.json
[28Sep2026 11:40:43.673] [main/DEBUG] [MixinExtras|Service/]: com.llamalad7.mixinextras.service.MixinExtrasServiceImpl(version=0.5.3) is taking over from null
[28Sep2026 11:40:43.729] [main/DEBUG] [mixin/]: Registering new injector for @Inject with org.spongepowered.asm.mixin.injection.struct.CallbackInjectionInfo
[28Sep2026 11:40:43.730] [main/DEBUG] [mixin/]: Registering new injector for @ModifyArg with org.spongepowered.asm.mixin.injection.struct.ModifyArgInjectionInfo
[28Sep2026 11:40:43.732] [main/DEBUG] [mixin/]: Registering new injector for @ModifyArgs with org.spongepowered.asm.mixin.injection.struct.ModifyArgsInjectionInfo
[28Sep2026 11:40:43.733] [main/DEBUG] [mixin/]: Registering new injector for @Redirect with org.spongepowered.asm.mixin.injection.struct.RedirectInjectionInfo
[28Sep2026 11:40:43.734] [main/DEBUG] [mixin/]: Registering new injector for @ModifyVariable with org.spongepowered.asm.mixin.injection.struct.ModifyVariableInjectionInfo
[28Sep2026 11:40:43.735] [main/DEBUG] [mixin/]: Registering new injector for @ModifyConstant with org.spongepowered.asm.mixin.injection.struct.ModifyConstantInjectionInfo
[28Sep2026 11:40:43.743] [main/DEBUG] [mixin/]: Preparing xaerolib.mixins.json (6)
[28Sep2026 11:40:43.811] [main/DEBUG] [mixin/]: Preparing xaerolib.neoforge.mixins.json (0)
[28Sep2026 11:40:43.811] [main/DEBUG] [mixin/]: Preparing worldedit-neoforge.mixins.json (3)
[28Sep2026 11:40:43.817] [main/DEBUG] [mixin/]: Preparing xaerohud.mixins.json (23)
[28Sep2026 11:40:43.846] [main/DEBUG] [mixin/]: Preparing xaerohud.neoforge.mixins.json (1)
[28Sep2026 11:40:43.846] [main/DEBUG] [mixin/]: Preparing xaerominimap.mixins.json (0)
[28Sep2026 11:40:43.846] [main/DEBUG] [mixin/]: Preparing xaerominimap.neoforge.mixins.json (0)
[28Sep2026 11:40:43.846] [main/DEBUG] [mixin/]: Preparing owies_airport_pack_neoforge.mixins.json (0)
[28Sep2026 11:40:43.846] [main/DEBUG] [mixin/]: Preparing xaeroworldmap.mixins.json (11)
[28Sep2026 11:40:43.854] [main/DEBUG] [mixin/]: Preparing xaeroworldmap.neoforge.mixins.json (2)
[28Sep2026 11:40:43.854] [main/DEBUG] [mixin/]: Preparing neoforge.mixins.json (2)
[28Sep2026 11:40:43.856] [main/DEBUG] [mixin/]: Preparing mixinextras.init.mixins.json (0)
[28Sep2026 11:40:43.871] [main/DEBUG] [mixin/]: Prepared 46 mixins in 0.259 sec (5.6ms avg) (0ms load, 0ms transform, 0ms plugin)
[28Sep2026 11:40:43.888] [main/INFO] [MixinExtras|Service/]: Initializing MixinExtras via com.llamalad7.mixinextras.service.MixinExtrasServiceImpl(version=0.5.3).
[28Sep2026 11:40:43.890] [main/DEBUG] [mixin/]: Registering new injector for @SugarWrapper with com.llamalad7.mixinextras.sugar.impl.SugarWrapperInjectionInfo
[28Sep2026 11:40:43.890] [main/DEBUG] [mixin/]: Registering new injector for @FactoryRedirectWrapper with com.llamalad7.mixinextras.wrapper.factory.FactoryRedirectWrapperInjectionInfo
[28Sep2026 11:40:43.890] [main/DEBUG] [mixin/]: Registering new injector for @ExpressionInjectorWrapper with com.llamalad7.mixinextras.expression.impl.wrapper.ExpressionInjectorWrapperInjectionInfo
[28Sep2026 11:40:43.899] [main/DEBUG] [mixin/]: Mixing MixinMinecraftClient from xaerohud.mixins.json into net.minecraft.client.Minecraft
[28Sep2026 11:40:43.903] [main/DEBUG] [mixin/]: xaerohud.mixins.json:MixinMinecraftClient from mod xaerominimap: Class version 65 required is higher than the class version supported by the current version of Mixin (JAVA_17 supports class version 61)
[28Sep2026 11:40:43.913] [main/DEBUG] [mixin/]: Mixing MixinMinecraftClient from xaeroworldmap.mixins.json into net.minecraft.client.Minecraft
[28Sep2026 11:40:43.913] [main/DEBUG] [mixin/]: xaeroworldmap.mixins.json:MixinMinecraftClient from mod xaeroworldmap: Class version 65 required is higher than the class version supported by the current version of Mixin (JAVA_17 supports class version 61)
[28Sep2026 11:40:43.913] [main/DEBUG] [mixin/]: Mixing MixinForgeMinecraftClient from xaeroworldmap.neoforge.mixins.json into net.minecraft.client.Minecraft
[28Sep2026 11:40:43.914] [main/DEBUG] [mixin/]: xaeroworldmap.neoforge.mixins.json:MixinForgeMinecraftClient from mod xaeroworldmap: Class version 65 required is higher than the class version supported by the current version of Mixin (JAVA_17 supports class version 61)
[28Sep2026 11:40:43.951] [main/DEBUG] [mixin/]: xaeroworldmap.neoforge.mixins.json:MixinForgeMinecraftClient from mod xaeroworldmap->@Inject::onRunTickStart(Lorg/spongepowered/asm/mixin/injection/callback/CallbackInfo;)V doesn't use it's CallbackInfo
[28Sep2026 11:40:43.951] [main/DEBUG] [mixin/]: xaeroworldmap.neoforge.mixins.json:MixinForgeMinecraftClient from mod xaeroworldmap->@Inject::onRunTickStart(Lorg/spongepowered/asm/mixin/injection/callback/CallbackInfo;)V has 0 override(s) in child classes
[28Sep2026 11:40:43.951] [main/DEBUG] [mixin/]: xaeroworldmap.neoforge.mixins.json:MixinForgeMinecraftClient from mod xaeroworldmap->@Inject::onRunTickStart(Lorg/spongepowered/asm/mixin/injection/callback/CallbackInfo;)V won't be passed a CallbackInfo as a result
[28Sep2026 11:40:44.188] [main/DEBUG] [io.netty.util.internal.logging.InternalLoggerFactory/]: Using SLF4J as the default logging framework
[28Sep2026 11:40:44.194] [main/DEBUG] [io.netty.util.ResourceLeakDetector/]: -Dio.netty.leakDetection.level: simple
[28Sep2026 11:40:44.194] [main/DEBUG] [io.netty.util.ResourceLeakDetector/]: -Dio.netty.leakDetection.targetRecords: 4
[28Sep2026 11:40:44.791] [main/DEBUG] [oshi.util.FileUtil/]: No oshi.properties file found from ClassLoader cpw.mods.modlauncher.TransformingClassLoader@21da4b5f
[28Sep2026 11:40:44.987] [Datafixer Bootstrap/INFO] [com.mojang.datafixers.DataFixerBuilder/]: 229 Datafixer optimizations took 217 milliseconds
[28Sep2026 11:40:45.034] [main/DEBUG] [oshi.util.FileUtil/]: No oshi.architecture.properties file found from ClassLoader cpw.mods.modlauncher.TransformingClassLoader@21da4b5f
[28Sep2026 11:40:45.058] [main/WARN] [oshi.driver.windows.perfmon.PerfmonDisabled/]: Invalid registry value type detected for PerfOS counters. Should be REG_DWORD. Ignoring: HKEY_LOCAL_MACHINE\SYSTEM\CurrentControlSet\Services\PerfOS\Performance\Disable Performance Counters.
[28Sep2026 11:40:45.084] [pool-11-thread-1/DEBUG] [mixin/]: Mixing MappedRegistryAccessor from neoforge.mixins.json into net.minecraft.core.MappedRegistry
[28Sep2026 11:40:45.177] [pool-11-thread-1/DEBUG] [mixin/]: Mixing MixinServerWorld from xaeroworldmap.mixins.json into net.minecraft.server.level.ServerLevel
[28Sep2026 11:40:45.180] [pool-11-thread-1/DEBUG] [mixin/]: xaeroworldmap.mixins.json:MixinServerWorld from mod xaeroworldmap: Class version 65 required is higher than the class version supported by the current version of Mixin (JAVA_17 supports class version 61)
[28Sep2026 11:40:45.750] [pool-11-thread-1/DEBUG] [mixin/]: Mixing BlockEntityTypeAccessor from neoforge.mixins.json into net.minecraft.world.level.block.entity.BlockEntityType
[28Sep2026 11:40:46.286] [pool-11-thread-1/DEBUG] [mixin/]: Mixing MixinServerPlayer from xaerolib.mixins.json into net.minecraft.server.level.ServerPlayer
[28Sep2026 11:40:46.298] [pool-11-thread-1/DEBUG] [mixin/]: xaerolib.mixins.json:MixinServerPlayer from mod xaerolib: Class version 65 required is higher than the class version supported by the current version of Mixin (JAVA_17 supports class version 61)
[28Sep2026 11:40:46.300] [pool-11-thread-1/DEBUG] [mixin/]: Mixing MixinServerPlayer from xaerohud.mixins.json into net.minecraft.server.level.ServerPlayer
[28Sep2026 11:40:46.300] [pool-11-thread-1/DEBUG] [mixin/]: xaerohud.mixins.json:MixinServerPlayer from mod xaerominimap: Class version 65 required is higher than the class version supported by the current version of Mixin (JAVA_17 supports class version 61)
[28Sep2026 11:40:46.300] [pool-11-thread-1/DEBUG] [mixin/]: Mixing MixinServerPlayer from xaeroworldmap.mixins.json into net.minecraft.server.level.ServerPlayer
[28Sep2026 11:40:46.300] [pool-11-thread-1/DEBUG] [mixin/]: xaeroworldmap.mixins.json:MixinServerPlayer from mod xaeroworldmap: Class version 65 required is higher than the class version supported by the current version of Mixin (JAVA_17 supports class version 61)
[28Sep2026 11:40:46.731] [pool-11-thread-1/DEBUG] [io.netty.util.internal.PlatformDependent0/]: -Dio.netty.noUnsafe: false
[28Sep2026 11:40:46.731] [pool-11-thread-1/DEBUG] [io.netty.util.internal.PlatformDependent0/]: Java version: 21
[28Sep2026 11:40:46.731] [pool-11-thread-1/DEBUG] [io.netty.util.internal.PlatformDependent0/]: sun.misc.Unsafe.theUnsafe: available
[28Sep2026 11:40:46.731] [pool-11-thread-1/DEBUG] [io.netty.util.internal.PlatformDependent0/]: sun.misc.Unsafe.copyMemory: available
[28Sep2026 11:40:46.732] [pool-11-thread-1/DEBUG] [io.netty.util.internal.PlatformDependent0/]: sun.misc.Unsafe.storeFence: available
[28Sep2026 11:40:46.732] [pool-11-thread-1/DEBUG] [io.netty.util.internal.PlatformDependent0/]: java.nio.Buffer.address: available
[28Sep2026 11:40:46.733] [pool-11-thread-1/DEBUG] [io.netty.util.internal.PlatformDependent0/]: direct buffer constructor: unavailable: Reflective setAccessible(true) disabled
[28Sep2026 11:40:46.733] [pool-11-thread-1/DEBUG] [io.netty.util.internal.PlatformDependent0/]: java.nio.Bits.unaligned: available, true
[28Sep2026 11:40:46.734] [pool-11-thread-1/DEBUG] [io.netty.util.internal.PlatformDependent0/]: jdk.internal.misc.Unsafe.allocateUninitializedArray(int): unavailable: class io.netty.util.internal.PlatformDependent0$7 (in module io.netty.common) cannot access class jdk.internal.misc.Unsafe (in module java.base) because module java.base does not export jdk.internal.misc to module io.netty.common
[28Sep2026 11:40:46.734] [pool-11-thread-1/DEBUG] [io.netty.util.internal.PlatformDependent0/]: java.nio.DirectByteBuffer.<init>(long, {int,long}): unavailable
[28Sep2026 11:40:46.734] [pool-11-thread-1/DEBUG] [io.netty.util.internal.PlatformDependent/]: sun.misc.Unsafe: available
[28Sep2026 11:40:46.734] [pool-11-thread-1/DEBUG] [io.netty.util.internal.PlatformDependent/]: maxDirectMemory: 8367636480 bytes (maybe)
[28Sep2026 11:40:46.735] [pool-11-thread-1/DEBUG] [io.netty.util.internal.PlatformDependent/]: -Dio.netty.tmpdir: C:\Users\owenp\AppData\Local\Temp (java.io.tmpdir)
[28Sep2026 11:40:46.735] [pool-11-thread-1/DEBUG] [io.netty.util.internal.PlatformDependent/]: -Dio.netty.bitMode: 64 (sun.arch.data.model)
[28Sep2026 11:40:46.735] [pool-11-thread-1/DEBUG] [io.netty.util.internal.PlatformDependent/]: Platform: Windows
[28Sep2026 11:40:46.735] [pool-11-thread-1/DEBUG] [io.netty.util.internal.PlatformDependent/]: -Dio.netty.maxDirectMemory: -1 bytes
[28Sep2026 11:40:46.735] [pool-11-thread-1/DEBUG] [io.netty.util.internal.PlatformDependent/]: -Dio.netty.uninitializedArrayAllocationThreshold: -1
[28Sep2026 11:40:46.735] [pool-11-thread-1/DEBUG] [io.netty.util.internal.CleanerJava9/]: java.nio.ByteBuffer.cleaner(): available
[28Sep2026 11:40:46.735] [pool-11-thread-1/DEBUG] [io.netty.util.internal.PlatformDependent/]: -Dio.netty.noPreferDirect: false
[28Sep2026 11:40:46.811] [pool-11-thread-1/DEBUG] [mixin/]: Mixing MixinLevelChunkSetBlockHook from worldedit-neoforge.mixins.json into net.minecraft.world.level.chunk.LevelChunk
[28Sep2026 11:40:46.811] [pool-11-thread-1/DEBUG] [mixin/]: worldedit-neoforge.mixins.json:MixinLevelChunkSetBlockHook from mod worldedit: Class version 65 required is higher than the class version supported by the current version of Mixin (JAVA_17 supports class version 61)
[28Sep2026 11:40:46.816] [pool-11-thread-1/DEBUG] [mixin/]: Mixing MixinWorldChunk from xaerohud.mixins.json into net.minecraft.world.level.chunk.LevelChunk
[28Sep2026 11:40:46.816] [pool-11-thread-1/DEBUG] [mixin/]: xaerohud.mixins.json:MixinWorldChunk from mod xaerominimap: Class version 65 required is higher than the class version supported by the current version of Mixin (JAVA_17 supports class version 61)
[28Sep2026 11:40:46.816] [pool-11-thread-1/DEBUG] [mixin/]: Mixing MixinWorldChunk from xaeroworldmap.mixins.json into net.minecraft.world.level.chunk.LevelChunk
[28Sep2026 11:40:46.816] [pool-11-thread-1/DEBUG] [mixin/]: xaeroworldmap.mixins.json:MixinWorldChunk from mod xaeroworldmap: Class version 65 required is higher than the class version supported by the current version of Mixin (JAVA_17 supports class version 61)
[28Sep2026 11:40:48.129] [main/DEBUG] [mixin/]: Mixing MixinMinecraftServer from xaerohud.mixins.json into net.minecraft.server.MinecraftServer
[28Sep2026 11:40:48.129] [main/DEBUG] [mixin/]: xaerohud.mixins.json:MixinMinecraftServer from mod xaerominimap: Class version 65 required is higher than the class version supported by the current version of Mixin (JAVA_17 supports class version 61)
[28Sep2026 11:40:48.131] [main/DEBUG] [mixin/]: Mixing MixinMinecraftServer from xaeroworldmap.mixins.json into net.minecraft.server.MinecraftServer
[28Sep2026 11:40:48.131] [main/DEBUG] [mixin/]: xaeroworldmap.mixins.json:MixinMinecraftServer from mod xaeroworldmap: Class version 65 required is higher than the class version supported by the current version of Mixin (JAVA_17 supports class version 61)
[28Sep2026 11:40:48.482] [main/WARN] [net.minecraft.commands.Commands/]: Ambiguity between arguments [teleport, location] and [teleport, destination] with inputs: [0.1 -0.5 .9, 0 0 0]
[28Sep2026 11:40:48.482] [main/WARN] [net.minecraft.commands.Commands/]: Ambiguity between arguments [teleport, location] and [teleport, targets] with inputs: [0.1 -0.5 .9, 0 0 0]
[28Sep2026 11:40:48.484] [main/WARN] [net.minecraft.commands.Commands/]: Ambiguity between arguments [teleport, destination] and [teleport, targets] with inputs: [Player, 0123, @e, dd12be42-52a9-4a91-a8a1-11c01849e498]
[28Sep2026 11:40:48.484] [main/WARN] [net.minecraft.commands.Commands/]: Ambiguity between arguments [teleport, targets] and [teleport, destination] with inputs: [Player, 0123, dd12be42-52a9-4a91-a8a1-11c01849e498]
[28Sep2026 11:40:48.485] [main/WARN] [net.minecraft.commands.Commands/]: Ambiguity between arguments [teleport, targets, location] and [teleport, targets, destination] with inputs: [0.1 -0.5 .9, 0 0 0]
[28Sep2026 11:40:48.502] [Render thread/DEBUG] [mixin/]: Mixing MixinClientLevel from xaerolib.mixins.json into net.minecraft.client.multiplayer.ClientLevel
[28Sep2026 11:40:48.502] [Render thread/DEBUG] [mixin/]: xaerolib.mixins.json:MixinClientLevel from mod xaerolib: Class version 65 required is higher than the class version supported by the current version of Mixin (JAVA_17 supports class version 61)
[28Sep2026 11:40:48.503] [Render thread/DEBUG] [mixin/]: Mixing MixinClientWorld from xaerohud.mixins.json into net.minecraft.client.multiplayer.ClientLevel
[28Sep2026 11:40:48.503] [Render thread/DEBUG] [mixin/]: xaerohud.mixins.json:MixinClientWorld from mod xaerominimap: Class version 65 required is higher than the class version supported by the current version of Mixin (JAVA_17 supports class version 61)
[28Sep2026 11:40:48.503] [Render thread/DEBUG] [mixin/]: Mixing MixinClientWorld from xaeroworldmap.mixins.json into net.minecraft.client.multiplayer.ClientLevel
[28Sep2026 11:40:48.503] [Render thread/DEBUG] [mixin/]: xaeroworldmap.mixins.json:MixinClientWorld from mod xaeroworldmap: Class version 65 required is higher than the class version supported by the current version of Mixin (JAVA_17 supports class version 61)
[28Sep2026 11:40:48.510] [Render thread/DEBUG] [mixin/]: Mixing MixinClientPlayerEntity from xaerohud.mixins.json into net.minecraft.client.player.LocalPlayer
[28Sep2026 11:40:48.510] [Render thread/DEBUG] [mixin/]: xaerohud.mixins.json:MixinClientPlayerEntity from mod xaerominimap: Class version 65 required is higher than the class version supported by the current version of Mixin (JAVA_17 supports class version 61)
[28Sep2026 11:40:48.510] [Render thread/DEBUG] [mixin/]: Mixing MixinLocalPlayer from xaerohud.mixins.json into net.minecraft.client.player.LocalPlayer
[28Sep2026 11:40:48.510] [Render thread/DEBUG] [mixin/]: xaerohud.mixins.json:MixinLocalPlayer from mod xaerominimap: Class version 65 required is higher than the class version supported by the current version of Mixin (JAVA_17 supports class version 61)
[28Sep2026 11:40:48.512] [Render thread/DEBUG] [mixin/]: xaerohud.mixins.json:MixinClientPlayerEntity from mod xaerominimap->@Inject::onTickStart(Lorg/spongepowered/asm/mixin/injection/callback/CallbackInfo;)V doesn't use it's CallbackInfo
[28Sep2026 11:40:48.512] [Render thread/DEBUG] [mixin/]: xaerohud.mixins.json:MixinClientPlayerEntity from mod xaerominimap->@Inject::onTickStart(Lorg/spongepowered/asm/mixin/injection/callback/CallbackInfo;)V has 0 override(s) in child classes
[28Sep2026 11:40:48.512] [Render thread/DEBUG] [mixin/]: xaerohud.mixins.json:MixinClientPlayerEntity from mod xaerominimap->@Inject::onTickStart(Lorg/spongepowered/asm/mixin/injection/callback/CallbackInfo;)V won't be passed a CallbackInfo as a result
[28Sep2026 11:40:48.514] [Render thread/DEBUG] [mixin/]: Mixing MixinAbstractClientPlayerEntity from xaerohud.mixins.json into net.minecraft.client.player.AbstractClientPlayer
[28Sep2026 11:40:48.514] [Render thread/DEBUG] [mixin/]: xaerohud.mixins.json:MixinAbstractClientPlayerEntity from mod xaerominimap: Class version 65 required is higher than the class version supported by the current version of Mixin (JAVA_17 supports class version 61)
[28Sep2026 11:40:48.570] [Render thread/WARN] [net.minecraft.server.packs.VanillaPackResourcesBuilder/]: Assets URL 'union:/C:/Users/owenp/dev/projects/Minecraft%20mods/Owies%20Airport%20Pack/Owies%20Airport%20Pack%20Neoforge/build/moddev/artifacts/neoforge-21.1.234.jar%23192!/assets/.mcassetsroot' uses unexpected schema
[28Sep2026 11:40:48.571] [Render thread/WARN] [net.minecraft.server.packs.VanillaPackResourcesBuilder/]: Assets URL 'union:/C:/Users/owenp/dev/projects/Minecraft%20mods/Owies%20Airport%20Pack/Owies%20Airport%20Pack%20Neoforge/build/moddev/artifacts/neoforge-21.1.234.jar%23192!/data/.mcassetsroot' uses unexpected schema
[28Sep2026 11:40:48.594] [Render thread/INFO] [com.mojang.authlib.yggdrasil.YggdrasilAuthenticationService/]: Environment: Environment[sessionHost=https://sessionserver.mojang.com, servicesHost=https://api.minecraftservices.com, name=PROD]
[28Sep2026 11:40:48.600] [Render thread/INFO] [net.minecraft.client.Minecraft/]: Setting user: Dev
[28Sep2026 11:40:48.606] [Render thread/DEBUG] [mixin/]: Mixing MixinNeoforgeToggleKeyMapping from xaerohud.neoforge.mixins.json into net.minecraft.client.ToggleKeyMapping
[28Sep2026 11:40:48.606] [Render thread/DEBUG] [mixin/]: xaerohud.neoforge.mixins.json:MixinNeoforgeToggleKeyMapping from mod xaerominimap: Class version 65 required is higher than the class version supported by the current version of Mixin (JAVA_17 supports class version 61)
[28Sep2026 11:40:48.615] [Render thread/DEBUG] [mixin/]: Mixing MixinAbstractButton from xaerolib.mixins.json into net.minecraft.client.gui.components.AbstractButton
[28Sep2026 11:40:48.616] [Render thread/DEBUG] [mixin/]: xaerolib.mixins.json:MixinAbstractButton from mod xaerolib: Class version 65 required is higher than the class version supported by the current version of Mixin (JAVA_17 supports class version 61)
[28Sep2026 11:40:48.724] [Render thread/INFO] [net.minecraft.client.Minecraft/]: Backend library: LWJGL version 3.3.3+5
[28Sep2026 11:40:48.870] [Render thread/DEBUG] [net.neoforged.fml.ModWorkManager/LOADING]: Using 16 threads for parallel mod-loading
[28Sep2026 11:40:48.885] [Render thread/DEBUG] [net.neoforged.fml.javafmlmod.FMLModContainer/LOADING]: Creating FMLModContainer instance for [xaero.lib.XaeroLibNeoForge]
[28Sep2026 11:40:48.889] [Render thread/DEBUG] [net.neoforged.fml.javafmlmod.FMLModContainer/LOADING]: Creating FMLModContainer instance for [com.sk89q.worldedit.neoforge.NeoForgeWorldEdit]
[28Sep2026 11:40:48.891] [Render thread/DEBUG] [net.neoforged.fml.javafmlmod.FMLModContainer/LOADING]: Creating FMLModContainer instance for [xaero.minimap.XaeroMinimapNeoForge]
[28Sep2026 11:40:48.895] [Render thread/DEBUG] [net.neoforged.fml.javafmlmod.FMLModContainer/LOADING]: Creating FMLModContainer instance for [owiegamer.owies_airport_pack_neoforge.OwiesAirportPackNeoforge]
[28Sep2026 11:40:48.897] [Render thread/DEBUG] [net.neoforged.fml.javafmlmod.FMLModContainer/LOADING]: Creating FMLModContainer instance for [xaero.map.WorldMapNeoForge]
[28Sep2026 11:40:48.900] [Render thread/DEBUG] [net.neoforged.fml.javafmlmod.FMLModContainer/LOADING]: Creating FMLModContainer instance for [net.neoforged.neoforge.common.NeoForgeMod, net.neoforged.neoforge.client.ClientNeoForgeMod]
[28Sep2026 11:40:48.921] [modloading-worker-0/DEBUG] [xaero.map.WorldMap/]: Loaded xaero.map.platform.services.NeoForgePlatformHelper@40fee941 for service interface xaero.map.platform.services.IPlatformHelper
[28Sep2026 11:40:48.922] [modloading-worker-0/DEBUG] [xaero.lib.XaeroLib/]: Loaded xaero.lib.platform.services.PlatformHelperNeoForge@740f09ec for service interface xaero.lib.platform.services.IPlatformHelper
[28Sep2026 11:40:48.957] [modloading-worker-0/DEBUG] [xaero.hud.minimap.MinimapLogs/]: Loaded xaero.common.platform.services.NeoForgePlatformHelper@7ce135f6 for service interface xaero.common.platform.services.IPlatformHelper
[28Sep2026 11:40:48.962] [modloading-worker-0/DEBUG] [net.neoforged.fml.javafmlmod.AutomaticEventSubscriber/LOADING]: Attempting to inject @EventBusSubscriber classes into the eventbus for owies_airport_pack_neoforge
[28Sep2026 11:40:48.965] [modloading-worker-0/DEBUG] [net.neoforged.fml.javafmlmod.AutomaticEventSubscriber/LOADING]: Scanning class owiegamer.owies_airport_pack_neoforge.datagen.DataGenerators for @SubscribeEvent-annotated methods
[28Sep2026 11:40:48.966] [modloading-worker-0/DEBUG] [net.neoforged.neoforge.internal.versions.neoforge.NeoForgeVersion/CORE]: Found NeoForge version 21.1.234
[28Sep2026 11:40:48.967] [modloading-worker-0/DEBUG] [net.neoforged.neoforge.internal.versions.neoforge.NeoForgeVersion/CORE]: Found FML version 4.0.42
[28Sep2026 11:40:48.967] [modloading-worker-0/INFO] [net.neoforged.neoforge.common.NeoForgeMod/NEOFORGE-MOD]: NeoForge mod loading, version 21.1.234, for MC 1.21.1
[28Sep2026 11:40:48.969] [modloading-worker-0/DEBUG] [net.neoforged.fml.javafmlmod.AutomaticEventSubscriber/]: Subscribing @EventBusSubscriber class Lowiegamer/owies_airport_pack_neoforge/datagen/DataGenerators; to the mod event bus of mod owies_airport_pack_neoforge
[28Sep2026 11:40:48.971] [modloading-worker-0/DEBUG] [net.neoforged.fml.javafmlmod.AutomaticEventSubscriber/LOADING]: Scanning class owiegamer.owies_airport_pack_neoforge.OwiesAirportPackNeoforge$ClientModEvents for @SubscribeEvent-annotated methods
[28Sep2026 11:40:48.972] [modloading-worker-0/DEBUG] [net.neoforged.fml.javafmlmod.AutomaticEventSubscriber/]: Subscribing @EventBusSubscriber class Lowiegamer/owies_airport_pack_neoforge/OwiesAirportPackNeoforge$ClientModEvents; to the mod event bus of mod owies_airport_pack_neoforge
[28Sep2026 11:40:48.973] [modloading-worker-0/INFO] [xaero.hud.minimap.MinimapLogs/]: Xaero's Minimap: World Map found!
[28Sep2026 11:40:48.973] [modloading-worker-0/INFO] [xaero.hud.minimap.MinimapLogs/]: No Optifine!
[28Sep2026 11:40:48.973] [modloading-worker-0/INFO] [xaero.hud.minimap.MinimapLogs/]: Xaero's Minimap: No Vivecraft!
[28Sep2026 11:40:48.977] [modloading-worker-0/DEBUG] [net.neoforged.fml.javafmlmod.AutomaticEventSubscriber/LOADING]: Attempting to inject @EventBusSubscriber classes into the eventbus for worldedit
[28Sep2026 11:40:49.015] [modloading-worker-0/DEBUG] [net.neoforged.fml.config.ConfigTracker/CONFIG]: Config file neoforge-client.toml for neoforge tracking
[28Sep2026 11:40:49.015] [modloading-worker-0/DEBUG] [net.neoforged.fml.config.ConfigTracker/CONFIG]: Config file neoforge-server.toml for neoforge tracking
[28Sep2026 11:40:49.015] [modloading-worker-0/DEBUG] [net.neoforged.fml.config.ConfigTracker/CONFIG]: Config file neoforge-common.toml for neoforge tracking
[28Sep2026 11:40:49.019] [modloading-worker-0/INFO] [xaero.lib.XaeroLib/]: Registering common data for channel xaerolib:main!
[28Sep2026 11:40:49.025] [modloading-worker-0/INFO] [xaero.lib.XaeroLib/]: Registering client data for channel xaerolib:main!
[28Sep2026 11:40:49.029] [modloading-worker-0/INFO] [xaero.lib.XaeroLib/]: Loading primary common config for channel xaerolib:main!
[28Sep2026 11:40:49.033] [modloading-worker-0/INFO] [xaero.lib.XaeroLib/]: Loading server config profiles for channel xaerolib:main!
[28Sep2026 11:40:49.037] [modloading-worker-0/INFO] [xaero.lib.XaeroLib/]: Loading primary client config for channel xaerolib:main!
[28Sep2026 11:40:49.039] [modloading-worker-0/INFO] [xaero.lib.XaeroLib/]: Loading client config profiles for channel xaerolib:main!
[28Sep2026 11:40:49.042] [modloading-worker-0/INFO] [xaero.common.HudMod/]: Registering common data for channel xaerominimap:main!
[28Sep2026 11:40:49.053] [modloading-worker-0/DEBUG] [net.neoforged.fml.javafmlmod.AutomaticEventSubscriber/LOADING]: Attempting to inject @EventBusSubscriber classes into the eventbus for xaerolib
[28Sep2026 11:40:49.065] [modloading-worker-0/DEBUG] [net.neoforged.fml.javafmlmod.AutomaticEventSubscriber/LOADING]: Attempting to inject @EventBusSubscriber classes into the eventbus for neoforge
[28Sep2026 11:40:49.066] [modloading-worker-0/DEBUG] [net.neoforged.fml.javafmlmod.AutomaticEventSubscriber/LOADING]: Scanning class net.neoforged.neoforge.server.command.ConfigCommand for @SubscribeEvent-annotated methods
[28Sep2026 11:40:49.066] [modloading-worker-0/DEBUG] [net.neoforged.fml.javafmlmod.AutomaticEventSubscriber/]: Subscribing @EventBusSubscriber class Lnet/neoforged/neoforge/server/command/ConfigCommand; to the game event bus
[28Sep2026 11:40:49.067] [modloading-worker-0/DEBUG] [net.neoforged.fml.javafmlmod.AutomaticEventSubscriber/LOADING]: Scanning class net.neoforged.neoforge.network.filters.GenericPacketSplitter for @SubscribeEvent-annotated methods
[28Sep2026 11:40:49.070] [modloading-worker-0/INFO] [xaero.common.HudMod/]: Registering client data for channel xaerominimap:main!
[28Sep2026 11:40:49.077] [modloading-worker-0/INFO] [xaero.common.HudMod/]: Loading primary common config for channel xaerominimap:main!
[28Sep2026 11:40:49.080] [modloading-worker-0/INFO] [xaero.common.HudMod/]: Loading server config profiles for channel xaerominimap:main!
[28Sep2026 11:40:49.082] [modloading-worker-0/INFO] [xaero.common.HudMod/]: Loading primary client config for channel xaerominimap:main!
[28Sep2026 11:40:49.083] [modloading-worker-0/DEBUG] [io.netty.buffer.AbstractByteBuf/]: -Dio.netty.buffer.checkAccessible: true
[28Sep2026 11:40:49.083] [modloading-worker-0/DEBUG] [io.netty.buffer.AbstractByteBuf/]: -Dio.netty.buffer.checkBounds: true
[28Sep2026 11:40:49.083] [modloading-worker-0/DEBUG] [io.netty.util.ResourceLeakDetectorFactory/]: Loaded default ResourceLeakDetector: io.netty.util.ResourceLeakDetector@2a824c86
[28Sep2026 11:40:49.083] [modloading-worker-0/INFO] [xaero.common.HudMod/]: Loading client config profiles for channel xaerominimap:main!
[28Sep2026 11:40:49.088] [modloading-worker-0/DEBUG] [io.netty.util.internal.InternalThreadLocalMap/]: -Dio.netty.threadLocalMap.stringBuilder.initialSize: 1024
[28Sep2026 11:40:49.088] [modloading-worker-0/DEBUG] [io.netty.util.internal.InternalThreadLocalMap/]: -Dio.netty.threadLocalMap.stringBuilder.maxSize: 4096
[28Sep2026 11:40:49.088] [modloading-worker-0/INFO] [xaero.map.WorldMap/]: Registering common data for channel xaeroworldmap:main!
[28Sep2026 11:40:49.089] [modloading-worker-0/DEBUG] [io.netty.buffer.PooledByteBufAllocator/]: -Dio.netty.allocator.numHeapArenas: 32
[28Sep2026 11:40:49.089] [modloading-worker-0/DEBUG] [io.netty.buffer.PooledByteBufAllocator/]: -Dio.netty.allocator.numDirectArenas: 32
[28Sep2026 11:40:49.089] [modloading-worker-0/DEBUG] [io.netty.buffer.PooledByteBufAllocator/]: -Dio.netty.allocator.pageSize: 8192
[28Sep2026 11:40:49.089] [modloading-worker-0/DEBUG] [io.netty.buffer.PooledByteBufAllocator/]: -Dio.netty.allocator.maxOrder: 9
[28Sep2026 11:40:49.089] [modloading-worker-0/DEBUG] [io.netty.buffer.PooledByteBufAllocator/]: -Dio.netty.allocator.chunkSize: 4194304
[28Sep2026 11:40:49.089] [modloading-worker-0/DEBUG] [io.netty.buffer.PooledByteBufAllocator/]: -Dio.netty.allocator.smallCacheSize: 256
[28Sep2026 11:40:49.089] [modloading-worker-0/DEBUG] [io.netty.buffer.PooledByteBufAllocator/]: -Dio.netty.allocator.normalCacheSize: 64
[28Sep2026 11:40:49.089] [modloading-worker-0/DEBUG] [io.netty.buffer.PooledByteBufAllocator/]: -Dio.netty.allocator.maxCachedBufferCapacity: 32768
[28Sep2026 11:40:49.089] [modloading-worker-0/DEBUG] [io.netty.buffer.PooledByteBufAllocator/]: -Dio.netty.allocator.cacheTrimInterval: 8192
[28Sep2026 11:40:49.089] [modloading-worker-0/DEBUG] [io.netty.buffer.PooledByteBufAllocator/]: -Dio.netty.allocator.cacheTrimIntervalMillis: 0
[28Sep2026 11:40:49.089] [modloading-worker-0/DEBUG] [io.netty.buffer.PooledByteBufAllocator/]: -Dio.netty.allocator.useCacheForAllThreads: false
[28Sep2026 11:40:49.089] [modloading-worker-0/DEBUG] [io.netty.buffer.PooledByteBufAllocator/]: -Dio.netty.allocator.maxCachedByteBuffersPerChunk: 1023
[28Sep2026 11:40:49.091] [modloading-worker-0/INFO] [xaero.map.WorldMap/]: Registering client data for channel xaeroworldmap:main!
[28Sep2026 11:40:49.096] [modloading-worker-0/DEBUG] [io.netty.buffer.ByteBufUtil/]: -Dio.netty.allocator.type: pooled
[28Sep2026 11:40:49.096] [modloading-worker-0/DEBUG] [io.netty.buffer.ByteBufUtil/]: -Dio.netty.threadLocalDirectBufferSize: 0
[28Sep2026 11:40:49.096] [modloading-worker-0/INFO] [xaero.map.WorldMap/]: Loading primary common config for channel xaeroworldmap:main!
[28Sep2026 11:40:49.096] [modloading-worker-0/DEBUG] [io.netty.buffer.ByteBufUtil/]: -Dio.netty.maxThreadLocalCharBufferSize: 16384
[28Sep2026 11:40:49.096] [modloading-worker-0/DEBUG] [net.neoforged.fml.javafmlmod.AutomaticEventSubscriber/LOADING]: Attempting to inject @EventBusSubscriber classes into the eventbus for xaerominimap
[28Sep2026 11:40:49.098] [modloading-worker-0/INFO] [xaero.map.WorldMap/]: Loading server config profiles for channel xaeroworldmap:main!
[28Sep2026 11:40:49.100] [modloading-worker-0/INFO] [xaero.map.WorldMap/]: Loading primary client config for channel xaeroworldmap:main!
[28Sep2026 11:40:49.100] [modloading-worker-0/DEBUG] [net.neoforged.fml.javafmlmod.AutomaticEventSubscriber/]: Subscribing @EventBusSubscriber class Lnet/neoforged/neoforge/network/filters/GenericPacketSplitter; to the mod event bus of mod neoforge
[28Sep2026 11:40:49.102] [modloading-worker-0/DEBUG] [net.neoforged.fml.javafmlmod.AutomaticEventSubscriber/LOADING]: Scanning class net.neoforged.neoforge.network.NetworkInitialization for @SubscribeEvent-annotated methods
[28Sep2026 11:40:49.102] [modloading-worker-0/DEBUG] [net.neoforged.fml.javafmlmod.AutomaticEventSubscriber/]: Subscribing @EventBusSubscriber class Lnet/neoforged/neoforge/network/NetworkInitialization; to the mod event bus of mod neoforge
[28Sep2026 11:40:49.102] [modloading-worker-0/DEBUG] [net.neoforged.fml.javafmlmod.AutomaticEventSubscriber/LOADING]: Scanning class net.neoforged.neoforge.network.ConfigurationInitialization for @SubscribeEvent-annotated methods
[28Sep2026 11:40:49.102] [modloading-worker-0/INFO] [xaero.map.WorldMap/]: Loading client config profiles for channel xaeroworldmap:main!
[28Sep2026 11:40:49.103] [modloading-worker-0/DEBUG] [net.neoforged.fml.javafmlmod.AutomaticEventSubscriber/]: Subscribing @EventBusSubscriber class Lnet/neoforged/neoforge/network/ConfigurationInitialization; to the mod event bus of mod neoforge
[28Sep2026 11:40:49.104] [modloading-worker-0/DEBUG] [net.neoforged.fml.javafmlmod.AutomaticEventSubscriber/LOADING]: Scanning class net.neoforged.neoforge.common.MonsterRoomHooks for @SubscribeEvent-annotated methods
[28Sep2026 11:40:49.105] [modloading-worker-0/DEBUG] [net.neoforged.fml.javafmlmod.AutomaticEventSubscriber/]: Subscribing @EventBusSubscriber class Lnet/neoforged/neoforge/common/MonsterRoomHooks; to the game event bus
[28Sep2026 11:40:49.105] [modloading-worker-0/DEBUG] [net.neoforged.fml.javafmlmod.AutomaticEventSubscriber/LOADING]: Scanning class net.neoforged.neoforge.common.DeferredSpawnEggItem$CommonHandler for @SubscribeEvent-annotated methods
[28Sep2026 11:40:49.105] [modloading-worker-0/DEBUG] [net.neoforged.fml.javafmlmod.AutomaticEventSubscriber/]: Subscribing @EventBusSubscriber class Lnet/neoforged/neoforge/common/DeferredSpawnEggItem$CommonHandler; to the mod event bus of mod neoforge
[28Sep2026 11:40:49.105] [modloading-worker-0/DEBUG] [net.neoforged.fml.javafmlmod.AutomaticEventSubscriber/LOADING]: Scanning class net.neoforged.neoforge.common.DeferredSpawnEggItem$ColorRegisterHandler for @SubscribeEvent-annotated methods
[28Sep2026 11:40:49.106] [modloading-worker-0/DEBUG] [net.neoforged.fml.javafmlmod.AutomaticEventSubscriber/]: Subscribing @EventBusSubscriber class Lnet/neoforged/neoforge/common/DeferredSpawnEggItem$ColorRegisterHandler; to the mod event bus of mod neoforge
[28Sep2026 11:40:49.106] [modloading-worker-0/DEBUG] [net.neoforged.fml.javafmlmod.AutomaticEventSubscriber/LOADING]: Scanning class net.neoforged.neoforge.client.model.data.ModelDataManager for @SubscribeEvent-annotated methods
[28Sep2026 11:40:49.106] [modloading-worker-0/DEBUG] [net.neoforged.fml.javafmlmod.AutomaticEventSubscriber/]: Subscribing @EventBusSubscriber class Lnet/neoforged/neoforge/client/model/data/ModelDataManager; to the game event bus
[28Sep2026 11:40:49.107] [modloading-worker-0/DEBUG] [net.neoforged.fml.javafmlmod.AutomaticEventSubscriber/LOADING]: Scanning class net.neoforged.neoforge.client.ParticleBoundsDebugRenderer for @SubscribeEvent-annotated methods
[28Sep2026 11:40:49.108] [modloading-worker-0/DEBUG] [net.neoforged.fml.javafmlmod.AutomaticEventSubscriber/]: Subscribing @EventBusSubscriber class Lnet/neoforged/neoforge/client/ParticleBoundsDebugRenderer; to the game event bus
[28Sep2026 11:40:49.109] [modloading-worker-0/DEBUG] [net.neoforged.fml.javafmlmod.AutomaticEventSubscriber/LOADING]: Scanning class net.neoforged.neoforge.client.ClientHooks$ClientEvents for @SubscribeEvent-annotated methods
[28Sep2026 11:40:49.109] [modloading-worker-0/DEBUG] [net.neoforged.fml.javafmlmod.AutomaticEventSubscriber/LOADING]: Attempting to inject @EventBusSubscriber classes into the eventbus for xaeroworldmap
[28Sep2026 11:40:49.109] [modloading-worker-0/DEBUG] [net.neoforged.fml.javafmlmod.AutomaticEventSubscriber/]: Subscribing @EventBusSubscriber class Lnet/neoforged/neoforge/client/ClientHooks$ClientEvents; to the mod event bus of mod neoforge
[28Sep2026 11:40:49.110] [modloading-worker-0/DEBUG] [net.neoforged.fml.javafmlmod.AutomaticEventSubscriber/LOADING]: Scanning class net.neoforged.neoforge.client.BlockEntityRenderBoundsDebugRenderer for @SubscribeEvent-annotated methods
[28Sep2026 11:40:49.110] [modloading-worker-0/DEBUG] [net.neoforged.fml.javafmlmod.AutomaticEventSubscriber/]: Subscribing @EventBusSubscriber class Lnet/neoforged/neoforge/client/BlockEntityRenderBoundsDebugRenderer; to the game event bus
[28Sep2026 11:40:49.111] [modloading-worker-0/DEBUG] [net.neoforged.fml.javafmlmod.AutomaticEventSubscriber/LOADING]: Scanning class net.neoforged.neoforge.attachment.AttachmentSync for @SubscribeEvent-annotated methods
[28Sep2026 11:40:49.112] [modloading-worker-0/DEBUG] [net.neoforged.fml.javafmlmod.AutomaticEventSubscriber/]: Subscribing @EventBusSubscriber class Lnet/neoforged/neoforge/attachment/AttachmentSync; to the game event bus
[28Sep2026 11:40:49.112] [modloading-worker-0/DEBUG] [net.neoforged.fml.javafmlmod.AutomaticEventSubscriber/LOADING]: Scanning class net.neoforged.neoforge.attachment.AttachmentInternals for @SubscribeEvent-annotated methods
[28Sep2026 11:40:49.113] [modloading-worker-0/DEBUG] [net.neoforged.fml.javafmlmod.AutomaticEventSubscriber/]: Subscribing @EventBusSubscriber class Lnet/neoforged/neoforge/attachment/AttachmentInternals; to the game event bus
[28Sep2026 11:40:49.209] [modloading-sync-worker/DEBUG] [net.neoforged.fml.config.ConfigTracker/CONFIG]: Loading configs type CLIENT
[28Sep2026 11:40:49.225] [modloading-sync-worker/DEBUG] [net.neoforged.neoforge.common.NeoForgeConfig/FORGEMOD]: Loaded NeoForge config file neoforge-client.toml
[28Sep2026 11:40:49.225] [modloading-sync-worker/DEBUG] [net.neoforged.fml.config.ConfigTracker/CONFIG]: Loaded TOML config file C:\Users\owenp\dev\projects\Minecraft mods\Owies Airport Pack\Owies Airport Pack Neoforge\run\config\neoforge-client.toml
[28Sep2026 11:40:49.229] [modloading-sync-worker/DEBUG] [net.neoforged.fml.config.ConfigTracker/CONFIG]: Watching TOML config file C:\Users\owenp\dev\projects\Minecraft mods\Owies Airport Pack\Owies Airport Pack Neoforge\run\config\neoforge-client.toml for changes
[28Sep2026 11:40:49.229] [modloading-sync-worker/DEBUG] [net.neoforged.fml.config.ConfigTracker/CONFIG]: Loading configs type COMMON
[28Sep2026 11:40:49.230] [modloading-sync-worker/DEBUG] [net.neoforged.neoforge.common.NeoForgeConfig/FORGEMOD]: Loaded NeoForge config file neoforge-common.toml
[28Sep2026 11:40:49.230] [modloading-sync-worker/DEBUG] [net.neoforged.fml.config.ConfigTracker/CONFIG]: Loaded TOML config file C:\Users\owenp\dev\projects\Minecraft mods\Owies Airport Pack\Owies Airport Pack Neoforge\run\config\neoforge-common.toml
[28Sep2026 11:40:49.230] [modloading-sync-worker/DEBUG] [net.neoforged.fml.config.ConfigTracker/CONFIG]: Watching TOML config file C:\Users\owenp\dev\projects\Minecraft mods\Owies Airport Pack\Owies Airport Pack Neoforge\run\config\neoforge-common.toml for changes
[28Sep2026 11:40:49.312] [Render thread/DEBUG] [mixin/]: Mixing MixinRenderTypeAccessor from xaerolib.mixins.json into net.minecraft.client.renderer.RenderType
[28Sep2026 11:40:49.312] [Render thread/DEBUG] [mixin/]: xaerolib.mixins.json:MixinRenderTypeAccessor from mod xaerolib: Class version 65 required is higher than the class version supported by the current version of Mixin (JAVA_17 supports class version 61)
[28Sep2026 11:40:49.385] [Render thread/DEBUG] [mixin/]: Mixing MixinBufferSource from xaerohud.mixins.json into net.minecraft.client.renderer.MultiBufferSource$BufferSource
[28Sep2026 11:40:49.385] [Render thread/DEBUG] [mixin/]: xaerohud.mixins.json:MixinBufferSource from mod xaerominimap: Class version 65 required is higher than the class version supported by the current version of Mixin (JAVA_17 supports class version 61)
[28Sep2026 11:40:49.522] [Render thread/INFO] [net.neoforged.neoforge.gametest.GameTestHooks/]: Enabled Gametest Namespaces: [owies_airport_pack_neoforge]
[28Sep2026 11:40:49.568] [Render thread/DEBUG] [mixin/]: Mixing MixinModelPart from xaerohud.mixins.json into net.minecraft.client.model.geom.ModelPart
[28Sep2026 11:40:49.568] [Render thread/DEBUG] [mixin/]: xaerohud.mixins.json:MixinModelPart from mod xaerominimap: Class version 65 required is higher than the class version supported by the current version of Mixin (JAVA_17 supports class version 61)
[28Sep2026 11:40:49.569] [Render thread/DEBUG] [mixin/]: xaerohud.mixins.json:MixinModelPart from mod xaerominimap->@Inject::onRender(Lcom/mojang/blaze3d/vertex/PoseStack$Pose;Lcom/mojang/blaze3d/vertex/VertexConsumer;IIILorg/spongepowered/asm/mixin/injection/callback/CallbackInfo;)V doesn't use it's CallbackInfo
[28Sep2026 11:40:49.615] [Render thread/DEBUG] [mixin/]: Mixing MixinChatListener from xaerohud.mixins.json into net.minecraft.client.multiplayer.chat.ChatListener
[28Sep2026 11:40:49.615] [Render thread/DEBUG] [mixin/]: xaerohud.mixins.json:MixinChatListener from mod xaerominimap: Class version 65 required is higher than the class version supported by the current version of Mixin (JAVA_17 supports class version 61)
[28Sep2026 11:40:49.615] [Render thread/DEBUG] [mixin/]: Mixing MixinChatListener from xaeroworldmap.mixins.json into net.minecraft.client.multiplayer.chat.ChatListener
[28Sep2026 11:40:49.615] [Render thread/DEBUG] [mixin/]: xaeroworldmap.mixins.json:MixinChatListener from mod xaeroworldmap: Class version 65 required is higher than the class version supported by the current version of Mixin (JAVA_17 supports class version 61)
[28Sep2026 11:40:49.618] [Render thread/DEBUG] [mixin/]: xaerohud.mixins.json:MixinChatListener from mod xaerominimap->@Inject::onHandleDisguisedChatMessag(Lnet/minecraft/network/chat/Component;Lnet/minecraft/network/chat/ChatType$Bound;Lorg/spongepowered/asm/mixin/injection/callback/CallbackInfo;)V does use it's CallbackInfo
[28Sep2026 11:40:49.618] [Render thread/DEBUG] [mixin/]: xaerohud.mixins.json:MixinChatListener from mod xaerominimap->@Inject::onHandleSystemChat(Lnet/minecraft/network/chat/Component;ZLorg/spongepowered/asm/mixin/injection/callback/CallbackInfo;)V does use it's CallbackInfo
[28Sep2026 11:40:49.618] [Render thread/DEBUG] [mixin/]: xaeroworldmap.mixins.json:MixinChatListener from mod xaeroworldmap->@Inject::onHandleDisguisedChatMessag(Lnet/minecraft/network/chat/Component;Lnet/minecraft/network/chat/ChatType$Bound;Lorg/spongepowered/asm/mixin/injection/callback/CallbackInfo;)V does use it's CallbackInfo
[28Sep2026 11:40:49.618] [Render thread/DEBUG] [mixin/]: xaeroworldmap.mixins.json:MixinChatListener from mod xaeroworldmap->@Inject::onHandleSystemChat(Lnet/minecraft/network/chat/Component;ZLorg/spongepowered/asm/mixin/injection/callback/CallbackInfo;)V does use it's CallbackInfo
[28Sep2026 11:40:49.633] [Render thread/INFO] [net.minecraft.server.packs.resources.ReloadableResourceManager/]: Reloading ResourceManager: vanilla, mod_resources, mod/xaerolib, mod/worldedit, mod/xaerominimap, mod/owies_airport_pack_neoforge, mod/xaeroworldmap, mod/neoforge
[28Sep2026 11:40:49.641] [Worker-Main-1/INFO] [xaero.lib.XaeroLib/]: Loading XaeroLib common 1/2!
[28Sep2026 11:40:49.641] [Worker-Main-4/INFO] [owiegamer.owies_airport_pack_neoforge.OwiesAirportPackNeoforge/]: HELLO FROM COMMON SETUP
[28Sep2026 11:40:49.763] [Worker-Main-8/INFO] [net.minecraft.client.gui.font.providers.UnihexProvider/]: Found unifont_all_no_pua-15.1.05.hex, loading
[28Sep2026 11:40:49.814] [Worker-Main-7/INFO] [net.minecraft.client.gui.font.providers.UnihexProvider/]: Found unifont_jp_patch-15.1.05.hex, loading
[28Sep2026 11:40:50.536] [Worker-Main-2/INFO] [com.sk89q.worldedit.extension.platform.PlatformManager/]: Got request to register class com.sk89q.worldedit.neoforge.NeoForgePlatform with WorldEdit [com.sk89q.worldedit.extension.platform.PlatformManager@1d607b4e]
[28Sep2026 11:40:50.537] [Worker-Main-2/INFO] [com.sk89q.worldedit.neoforge.NeoForgeWorldEdit/]: WorldEdit for NeoForge (version 7.3.8+6939-7d32b45) is loaded
[28Sep2026 11:40:50.545] [Render thread/DEBUG] [net.neoforged.fml.DeferredWorkQueue/LOADING]: Dispatching synchronous work for work queue Common setup: 1 jobs
[28Sep2026 11:40:50.547] [Render thread/DEBUG] [net.neoforged.fml.DeferredWorkQueue/LOADING]: Synchronous work queue completed in 1.315 ms
[28Sep2026 11:40:50.548] [Worker-Main-2/INFO] [xaero.minimap.XaeroMinimap/]: Loading Xaero's Minimap - Stage 1/2
[28Sep2026 11:40:50.548] [Worker-Main-9/INFO] [xaero.map.WorldMap/]: Loading Xaero's World Map - Stage 1/2
[28Sep2026 11:40:50.549] [Worker-Main-7/INFO] [xaero.lib.XaeroLib/]: Loading XaeroLib client 1/2!
[28Sep2026 11:40:52.188] [Render thread/DEBUG] [net.neoforged.fml.DeferredWorkQueue/LOADING]: Dispatching synchronous work for work queue Sided setup: 3 jobs
[28Sep2026 11:40:52.188] [Render thread/INFO] [xaero.map.WorldMap/]: Loading Xaero's World Map - Stage 2/2
[28Sep2026 11:40:52.189] [Render thread/INFO] [xaero.map.WorldMap/]: New world map region cache hash code: 1171295405
[28Sep2026 11:40:53.228] [Render thread/INFO] [xaero.map.WorldMap/]: Registered player tracker system: map_synced
[28Sep2026 11:40:53.229] [Render thread/INFO] [xaero.map.WorldMap/]: Xaero's WorldMap Mod: Xaero's minimap found!
[28Sep2026 11:40:53.231] [Render thread/INFO] [xaero.map.WorldMap/]: Registered player tracker system: minimap_synced
[28Sep2026 11:40:53.232] [Render thread/INFO] [xaero.map.WorldMap/]: No Optifine!
[28Sep2026 11:40:53.232] [Render thread/INFO] [xaero.map.WorldMap/]: Xaero's World Map: No Vivecraft!
[28Sep2026 11:40:53.247] [Render thread/WARN] [net.neoforged.fml.DeferredWorkQueue/LOADING]: Mod 'xaeroworldmap' took 1.060 s to run a deferred task.
[28Sep2026 11:40:53.248] [Render thread/INFO] [xaero.minimap.XaeroMinimap/]: Loading Xaero's Minimap - Stage 2/2
[28Sep2026 11:40:53.251] [Render thread/DEBUG] [mixin/]: Mixing MixinClientPacketListener from xaerolib.mixins.json into net.minecraft.client.multiplayer.ClientPacketListener
[28Sep2026 11:40:53.254] [Render thread/DEBUG] [mixin/]: xaerolib.mixins.json:MixinClientPacketListener from mod xaerolib: Class version 65 required is higher than the class version supported by the current version of Mixin (JAVA_17 supports class version 61)
[28Sep2026 11:40:53.256] [Render thread/DEBUG] [mixin/]: Mixing MixinClientPlayNetworkHandler from xaerohud.mixins.json into net.minecraft.client.multiplayer.ClientPacketListener
[28Sep2026 11:40:53.256] [Render thread/DEBUG] [mixin/]: xaerohud.mixins.json:MixinClientPlayNetworkHandler from mod xaerominimap: Class version 65 required is higher than the class version supported by the current version of Mixin (JAVA_17 supports class version 61)
[28Sep2026 11:40:53.257] [Render thread/DEBUG] [mixin/]: Mixing MixinClientPlayNetworkHandler from xaeroworldmap.mixins.json into net.minecraft.client.multiplayer.ClientPacketListener
[28Sep2026 11:40:53.257] [Render thread/DEBUG] [mixin/]: xaeroworldmap.mixins.json:MixinClientPlayNetworkHandler from mod xaeroworldmap: Class version 65 required is higher than the class version supported by the current version of Mixin (JAVA_17 supports class version 61)
[28Sep2026 11:40:53.257] [Render thread/DEBUG] [mixin/]: Mixing MixinForgeClientPacketListener from xaeroworldmap.neoforge.mixins.json into net.minecraft.client.multiplayer.ClientPacketListener
[28Sep2026 11:40:53.258] [Render thread/DEBUG] [mixin/]: xaeroworldmap.neoforge.mixins.json:MixinForgeClientPacketListener from mod xaeroworldmap: Class version 65 required is higher than the class version supported by the current version of Mixin (JAVA_17 supports class version 61)
[28Sep2026 11:40:53.267] [Render thread/DEBUG] [mixin/]: xaerolib.mixins.json:MixinClientPacketListener from mod xaerolib->@Inject::onHandleInitializeBorder(Lnet/minecraft/network/protocol/game/ClientboundInitializeBorderPacket;Lorg/spongepowered/asm/mixin/injection/callback/CallbackInfo;)V doesn't use it's CallbackInfo
[28Sep2026 11:40:53.267] [Render thread/DEBUG] [mixin/]: xaerolib.mixins.json:MixinClientPacketListener from mod xaerolib->@Inject::onHandleInitializeBorder(Lnet/minecraft/network/protocol/game/ClientboundInitializeBorderPacket;Lorg/spongepowered/asm/mixin/injection/callback/CallbackInfo;)V has 0 override(s) in child classes
[28Sep2026 11:40:53.267] [Render thread/DEBUG] [mixin/]: xaerolib.mixins.json:MixinClientPacketListener from mod xaerolib->@Inject::onHandleInitializeBorder(Lnet/minecraft/network/protocol/game/ClientboundInitializeBorderPacket;Lorg/spongepowered/asm/mixin/injection/callback/CallbackInfo;)V won't be passed a CallbackInfo as a result
[28Sep2026 11:40:53.267] [Render thread/DEBUG] [mixin/]: xaerohud.mixins.json:MixinClientPlayNetworkHandler from mod xaerominimap->@Inject::onOnChunkDeltaUpdate(Lnet/minecraft/network/protocol/game/ClientboundSectionBlocksUpdatePacket;Lorg/spongepowered/asm/mixin/injection/callback/CallbackInfo;)V doesn't use it's CallbackInfo
[28Sep2026 11:40:53.267] [Render thread/DEBUG] [mixin/]: xaerohud.mixins.json:MixinClientPlayNetworkHandler from mod xaerominimap->@Inject::onOnChunkDeltaUpdate(Lnet/minecraft/network/protocol/game/ClientboundSectionBlocksUpdatePacket;Lorg/spongepowered/asm/mixin/injection/callback/CallbackInfo;)V has 0 override(s) in child classes
[28Sep2026 11:40:53.267] [Render thread/DEBUG] [mixin/]: xaerohud.mixins.json:MixinClientPlayNetworkHandler from mod xaerominimap->@Inject::onOnChunkDeltaUpdate(Lnet/minecraft/network/protocol/game/ClientboundSectionBlocksUpdatePacket;Lorg/spongepowered/asm/mixin/injection/callback/CallbackInfo;)V won't be passed a CallbackInfo as a result
[28Sep2026 11:40:53.267] [Render thread/DEBUG] [mixin/]: xaerohud.mixins.json:MixinClientPlayNetworkHandler from mod xaerominimap->@Inject::onOnChunkData(IILnet/minecraft/network/protocol/game/ClientboundLevelChunkPacketData;Lorg/spongepowered/asm/mixin/injection/callback/CallbackInfo;)V doesn't use it's CallbackInfo
[28Sep2026 11:40:53.267] [Render thread/DEBUG] [mixin/]: xaerohud.mixins.json:MixinClientPlayNetworkHandler from mod xaerominimap->@Inject::onOnChunkData(IILnet/minecraft/network/protocol/game/ClientboundLevelChunkPacketData;Lorg/spongepowered/asm/mixin/injection/callback/CallbackInfo;)V has 0 override(s) in child classes
[28Sep2026 11:40:53.267] [Render thread/DEBUG] [mixin/]: xaerohud.mixins.json:MixinClientPlayNetworkHandler from mod xaerominimap->@Inject::onOnChunkData(IILnet/minecraft/network/protocol/game/ClientboundLevelChunkPacketData;Lorg/spongepowered/asm/mixin/injection/callback/CallbackInfo;)V won't be passed a CallbackInfo as a result
[28Sep2026 11:40:53.267] [Render thread/DEBUG] [mixin/]: xaerohud.mixins.json:MixinClientPlayNetworkHandler from mod xaerominimap->@Inject::onHandleLevelChunkWithLight(Lnet/minecraft/network/protocol/game/ClientboundLevelChunkWithLightPacket;Lorg/spongepowered/asm/mixin/injection/callback/CallbackInfo;)V doesn't use it's CallbackInfo
[28Sep2026 11:40:53.267] [Render thread/DEBUG] [mixin/]: xaerohud.mixins.json:MixinClientPlayNetworkHandler from mod xaerominimap->@Inject::onHandleLevelChunkWithLight(Lnet/minecraft/network/protocol/game/ClientboundLevelChunkWithLightPacket;Lorg/spongepowered/asm/mixin/injection/callback/CallbackInfo;)V has 0 override(s) in child classes
[28Sep2026 11:40:53.267] [Render thread/DEBUG] [mixin/]: xaerohud.mixins.json:MixinClientPlayNetworkHandler from mod xaerominimap->@Inject::onHandleLevelChunkWithLight(Lnet/minecraft/network/protocol/game/ClientboundLevelChunkWithLightPacket;Lorg/spongepowered/asm/mixin/injection/callback/CallbackInfo;)V won't be passed a CallbackInfo as a result
[28Sep2026 11:40:53.267] [Render thread/DEBUG] [mixin/]: xaerohud.mixins.json:MixinClientPlayNetworkHandler from mod xaerominimap->@Inject::onHandleLightUpdatePacket(Lnet/minecraft/network/protocol/game/ClientboundLightUpdatePacket;Lorg/spongepowered/asm/mixin/injection/callback/CallbackInfo;)V doesn't use it's CallbackInfo
[28Sep2026 11:40:53.267] [Render thread/DEBUG] [mixin/]: xaerohud.mixins.json:MixinClientPlayNetworkHandler from mod xaerominimap->@Inject::onHandleLightUpdatePacket(Lnet/minecraft/network/protocol/game/ClientboundLightUpdatePacket;Lorg/spongepowered/asm/mixin/injection/callback/CallbackInfo;)V has 0 override(s) in child classes
[28Sep2026 11:40:53.267] [Render thread/DEBUG] [mixin/]: xaerohud.mixins.json:MixinClientPlayNetworkHandler from mod xaerominimap->@Inject::onHandleLightUpdatePacket(Lnet/minecraft/network/protocol/game/ClientboundLightUpdatePacket;Lorg/spongepowered/asm/mixin/injection/callback/CallbackInfo;)V won't be passed a CallbackInfo as a result
[28Sep2026 11:40:53.268] [Render thread/DEBUG] [mixin/]: xaerohud.mixins.json:MixinClientPlayNetworkHandler from mod xaerominimap->@Inject::onQueueLightRemoval(Lnet/minecraft/network/protocol/game/ClientboundForgetLevelChunkPacket;Lorg/spongepowered/asm/mixin/injection/callback/CallbackInfo;)V doesn't use it's CallbackInfo
[28Sep2026 11:40:53.268] [Render thread/DEBUG] [mixin/]: xaerohud.mixins.json:MixinClientPlayNetworkHandler from mod xaerominimap->@Inject::onQueueLightRemoval(Lnet/minecraft/network/protocol/game/ClientboundForgetLevelChunkPacket;Lorg/spongepowered/asm/mixin/injection/callback/CallbackInfo;)V has 0 override(s) in child classes
[28Sep2026 11:40:53.268] [Render thread/DEBUG] [mixin/]: xaerohud.mixins.json:MixinClientPlayNetworkHandler from mod xaerominimap->@Inject::onQueueLightRemoval(Lnet/minecraft/network/protocol/game/ClientboundForgetLevelChunkPacket;Lorg/spongepowered/asm/mixin/injection/callback/CallbackInfo;)V won't be passed a CallbackInfo as a result
[28Sep2026 11:40:53.268] [Render thread/DEBUG] [mixin/]: xaerohud.mixins.json:MixinClientPlayNetworkHandler from mod xaerominimap->@Inject::onOnBlockUpdate(Lnet/minecraft/network/protocol/game/ClientboundBlockUpdatePacket;Lorg/spongepowered/asm/mixin/injection/callback/CallbackInfo;)V doesn't use it's CallbackInfo
[28Sep2026 11:40:53.268] [Render thread/DEBUG] [mixin/]: xaerohud.mixins.json:MixinClientPlayNetworkHandler from mod xaerominimap->@Inject::onOnBlockUpdate(Lnet/minecraft/network/protocol/game/ClientboundBlockUpdatePacket;Lorg/spongepowered/asm/mixin/injection/callback/CallbackInfo;)V has 0 override(s) in child classes
[28Sep2026 11:40:53.268] [Render thread/DEBUG] [mixin/]: xaerohud.mixins.json:MixinClientPlayNetworkHandler from mod xaerominimap->@Inject::onOnBlockUpdate(Lnet/minecraft/network/protocol/game/ClientboundBlockUpdatePacket;Lorg/spongepowered/asm/mixin/injection/callback/CallbackInfo;)V won't be passed a CallbackInfo as a result
[28Sep2026 11:40:53.268] [Render thread/DEBUG] [mixin/]: xaerohud.mixins.json:MixinClientPlayNetworkHandler from mod xaerominimap->@Inject::onOnPlayerSpawnPosition(Lnet/minecraft/network/protocol/game/ClientboundSetDefaultSpawnPositionPacket;Lorg/spongepowered/asm/mixin/injection/callback/CallbackInfo;)V doesn't use it's CallbackInfo
[28Sep2026 11:40:53.268] [Render thread/DEBUG] [mixin/]: xaerohud.mixins.json:MixinClientPlayNetworkHandler from mod xaerominimap->@Inject::onOnPlayerSpawnPosition(Lnet/minecraft/network/protocol/game/ClientboundSetDefaultSpawnPositionPacket;Lorg/spongepowered/asm/mixin/injection/callback/CallbackInfo;)V has 0 override(s) in child classes
[28Sep2026 11:40:53.268] [Render thread/DEBUG] [mixin/]: xaerohud.mixins.json:MixinClientPlayNetworkHandler from mod xaerominimap->@Inject::onOnPlayerSpawnPosition(Lnet/minecraft/network/protocol/game/ClientboundSetDefaultSpawnPositionPacket;Lorg/spongepowered/asm/mixin/injection/callback/CallbackInfo;)V won't be passed a CallbackInfo as a result
[28Sep2026 11:40:53.268] [Render thread/DEBUG] [mixin/]: xaerohud.mixins.json:MixinClientPlayNetworkHandler from mod xaerominimap->@Inject::onOnGameJoin(Lnet/minecraft/network/protocol/game/ClientboundLoginPacket;Lorg/spongepowered/asm/mixin/injection/callback/CallbackInfo;)V doesn't use it's CallbackInfo
[28Sep2026 11:40:53.268] [Render thread/DEBUG] [mixin/]: xaerohud.mixins.json:MixinClientPlayNetworkHandler from mod xaerominimap->@Inject::onOnGameJoin(Lnet/minecraft/network/protocol/game/ClientboundLoginPacket;Lorg/spongepowered/asm/mixin/injection/callback/CallbackInfo;)V has 0 override(s) in child classes
[28Sep2026 11:40:53.268] [Render thread/DEBUG] [mixin/]: xaerohud.mixins.json:MixinClientPlayNetworkHandler from mod xaerominimap->@Inject::onOnGameJoin(Lnet/minecraft/network/protocol/game/ClientboundLoginPacket;Lorg/spongepowered/asm/mixin/injection/callback/CallbackInfo;)V won't be passed a CallbackInfo as a result
[28Sep2026 11:40:53.268] [Render thread/DEBUG] [mixin/]: xaerohud.mixins.json:MixinClientPlayNetworkHandler from mod xaerominimap->@Inject::onClose(Lorg/spongepowered/asm/mixin/injection/callback/CallbackInfo;)V doesn't use it's CallbackInfo
[28Sep2026 11:40:53.268] [Render thread/DEBUG] [mixin/]: xaerohud.mixins.json:MixinClientPlayNetworkHandler from mod xaerominimap->@Inject::onClose(Lorg/spongepowered/asm/mixin/injection/callback/CallbackInfo;)V has 0 override(s) in child classes
[28Sep2026 11:40:53.268] [Render thread/DEBUG] [mixin/]: xaerohud.mixins.json:MixinClientPlayNetworkHandler from mod xaerominimap->@Inject::onClose(Lorg/spongepowered/asm/mixin/injection/callback/CallbackInfo;)V won't be passed a CallbackInfo as a result
[28Sep2026 11:40:53.268] [Render thread/DEBUG] [mixin/]: xaerohud.mixins.json:MixinClientPlayNetworkHandler from mod xaerominimap->@Inject::onSendCommand(Ljava/lang/String;Lorg/spongepowered/asm/mixin/injection/callback/CallbackInfo;)V does use it's CallbackInfo
[28Sep2026 11:40:53.269] [Render thread/DEBUG] [mixin/]: xaerohud.mixins.json:MixinClientPlayNetworkHandler from mod xaerominimap->@Inject::onSendUnsignedCommand(Ljava/lang/String;Lorg/spongepowered/asm/mixin/injection/callback/CallbackInfoReturnable;)V does use it's CallbackInfoReturnable
[28Sep2026 11:40:53.269] [Render thread/DEBUG] [mixin/]: xaeroworldmap.mixins.json:MixinClientPlayNetworkHandler from mod xaeroworldmap->@Inject::onOnChunkDeltaUpdate(Lnet/minecraft/network/protocol/game/ClientboundSectionBlocksUpdatePacket;Lorg/spongepowered/asm/mixin/injection/callback/CallbackInfo;)V doesn't use it's CallbackInfo
[28Sep2026 11:40:53.269] [Render thread/DEBUG] [mixin/]: xaeroworldmap.mixins.json:MixinClientPlayNetworkHandler from mod xaeroworldmap->@Inject::onOnChunkDeltaUpdate(Lnet/minecraft/network/protocol/game/ClientboundSectionBlocksUpdatePacket;Lorg/spongepowered/asm/mixin/injection/callback/CallbackInfo;)V has 0 override(s) in child classes
[28Sep2026 11:40:53.269] [Render thread/DEBUG] [mixin/]: xaeroworldmap.mixins.json:MixinClientPlayNetworkHandler from mod xaeroworldmap->@Inject::onOnChunkDeltaUpdate(Lnet/minecraft/network/protocol/game/ClientboundSectionBlocksUpdatePacket;Lorg/spongepowered/asm/mixin/injection/callback/CallbackInfo;)V won't be passed a CallbackInfo as a result
[28Sep2026 11:40:53.269] [Render thread/DEBUG] [mixin/]: xaeroworldmap.mixins.json:MixinClientPlayNetworkHandler from mod xaeroworldmap->@Inject::onOnChunkData(IILnet/minecraft/network/protocol/game/ClientboundLevelChunkPacketData;Lorg/spongepowered/asm/mixin/injection/callback/CallbackInfo;)V doesn't use it's CallbackInfo
[28Sep2026 11:40:53.269] [Render thread/DEBUG] [mixin/]: xaeroworldmap.mixins.json:MixinClientPlayNetworkHandler from mod xaeroworldmap->@Inject::onOnChunkData(IILnet/minecraft/network/protocol/game/ClientboundLevelChunkPacketData;Lorg/spongepowered/asm/mixin/injection/callback/CallbackInfo;)V has 0 override(s) in child classes
[28Sep2026 11:40:53.269] [Render thread/DEBUG] [mixin/]: xaeroworldmap.mixins.json:MixinClientPlayNetworkHandler from mod xaeroworldmap->@Inject::onOnChunkData(IILnet/minecraft/network/protocol/game/ClientboundLevelChunkPacketData;Lorg/spongepowered/asm/mixin/injection/callback/CallbackInfo;)V won't be passed a CallbackInfo as a result
[28Sep2026 11:40:53.269] [Render thread/DEBUG] [mixin/]: xaeroworldmap.mixins.json:MixinClientPlayNetworkHandler from mod xaeroworldmap->@Inject::onHandleLevelChunkWithLight(Lnet/minecraft/network/protocol/game/ClientboundLevelChunkWithLightPacket;Lorg/spongepowered/asm/mixin/injection/callback/CallbackInfo;)V doesn't use it's CallbackInfo
[28Sep2026 11:40:53.269] [Render thread/DEBUG] [mixin/]: xaeroworldmap.mixins.json:MixinClientPlayNetworkHandler from mod xaeroworldmap->@Inject::onHandleLevelChunkWithLight(Lnet/minecraft/network/protocol/game/ClientboundLevelChunkWithLightPacket;Lorg/spongepowered/asm/mixin/injection/callback/CallbackInfo;)V has 0 override(s) in child classes
[28Sep2026 11:40:53.269] [Render thread/DEBUG] [mixin/]: xaeroworldmap.mixins.json:MixinClientPlayNetworkHandler from mod xaeroworldmap->@Inject::onHandleLevelChunkWithLight(Lnet/minecraft/network/protocol/game/ClientboundLevelChunkWithLightPacket;Lorg/spongepowered/asm/mixin/injection/callback/CallbackInfo;)V won't be passed a CallbackInfo as a result
[28Sep2026 11:40:53.269] [Render thread/DEBUG] [mixin/]: xaeroworldmap.mixins.json:MixinClientPlayNetworkHandler from mod xaeroworldmap->@Inject::onHandleLightUpdatePacket(Lnet/minecraft/network/protocol/game/ClientboundLightUpdatePacket;Lorg/spongepowered/asm/mixin/injection/callback/CallbackInfo;)V doesn't use it's CallbackInfo
[28Sep2026 11:40:53.269] [Render thread/DEBUG] [mixin/]: xaeroworldmap.mixins.json:MixinClientPlayNetworkHandler from mod xaeroworldmap->@Inject::onHandleLightUpdatePacket(Lnet/minecraft/network/protocol/game/ClientboundLightUpdatePacket;Lorg/spongepowered/asm/mixin/injection/callback/CallbackInfo;)V has 0 override(s) in child classes
[28Sep2026 11:40:53.269] [Render thread/DEBUG] [mixin/]: xaeroworldmap.mixins.json:MixinClientPlayNetworkHandler from mod xaeroworldmap->@Inject::onHandleLightUpdatePacket(Lnet/minecraft/network/protocol/game/ClientboundLightUpdatePacket;Lorg/spongepowered/asm/mixin/injection/callback/CallbackInfo;)V won't be passed a CallbackInfo as a result
[28Sep2026 11:40:53.269] [Render thread/DEBUG] [mixin/]: xaeroworldmap.mixins.json:MixinClientPlayNetworkHandler from mod xaeroworldmap->@Inject::onQueueLightRemoval(Lnet/minecraft/network/protocol/game/ClientboundForgetLevelChunkPacket;Lorg/spongepowered/asm/mixin/injection/callback/CallbackInfo;)V doesn't use it's CallbackInfo
[28Sep2026 11:40:53.269] [Render thread/DEBUG] [mixin/]: xaeroworldmap.mixins.json:MixinClientPlayNetworkHandler from mod xaeroworldmap->@Inject::onQueueLightRemoval(Lnet/minecraft/network/protocol/game/ClientboundForgetLevelChunkPacket;Lorg/spongepowered/asm/mixin/injection/callback/CallbackInfo;)V has 0 override(s) in child classes
[28Sep2026 11:40:53.269] [Render thread/DEBUG] [mixin/]: xaeroworldmap.mixins.json:MixinClientPlayNetworkHandler from mod xaeroworldmap->@Inject::onQueueLightRemoval(Lnet/minecraft/network/protocol/game/ClientboundForgetLevelChunkPacket;Lorg/spongepowered/asm/mixin/injection/callback/CallbackInfo;)V won't be passed a CallbackInfo as a result
[28Sep2026 11:40:53.269] [Render thread/DEBUG] [mixin/]: xaeroworldmap.mixins.json:MixinClientPlayNetworkHandler from mod xaeroworldmap->@Inject::onOnBlockUpdate(Lnet/minecraft/network/protocol/game/ClientboundBlockUpdatePacket;Lorg/spongepowered/asm/mixin/injection/callback/CallbackInfo;)V doesn't use it's CallbackInfo
[28Sep2026 11:40:53.269] [Render thread/DEBUG] [mixin/]: xaeroworldmap.mixins.json:MixinClientPlayNetworkHandler from mod xaeroworldmap->@Inject::onOnBlockUpdate(Lnet/minecraft/network/protocol/game/ClientboundBlockUpdatePacket;Lorg/spongepowered/asm/mixin/injection/callback/CallbackInfo;)V has 0 override(s) in child classes
[28Sep2026 11:40:53.269] [Render thread/DEBUG] [mixin/]: xaeroworldmap.mixins.json:MixinClientPlayNetworkHandler from mod xaeroworldmap->@Inject::onOnBlockUpdate(Lnet/minecraft/network/protocol/game/ClientboundBlockUpdatePacket;Lorg/spongepowered/asm/mixin/injection/callback/CallbackInfo;)V won't be passed a CallbackInfo as a result
[28Sep2026 11:40:53.269] [Render thread/DEBUG] [mixin/]: xaeroworldmap.mixins.json:MixinClientPlayNetworkHandler from mod xaeroworldmap->@Inject::onOnPlayerSpawnPosition(Lnet/minecraft/network/protocol/game/ClientboundSetDefaultSpawnPositionPacket;Lorg/spongepowered/asm/mixin/injection/callback/CallbackInfo;)V doesn't use it's CallbackInfo
[28Sep2026 11:40:53.269] [Render thread/DEBUG] [mixin/]: xaeroworldmap.mixins.json:MixinClientPlayNetworkHandler from mod xaeroworldmap->@Inject::onOnPlayerSpawnPosition(Lnet/minecraft/network/protocol/game/ClientboundSetDefaultSpawnPositionPacket;Lorg/spongepowered/asm/mixin/injection/callback/CallbackInfo;)V has 0 override(s) in child classes
[28Sep2026 11:40:53.269] [Render thread/DEBUG] [mixin/]: xaeroworldmap.mixins.json:MixinClientPlayNetworkHandler from mod xaeroworldmap->@Inject::onOnPlayerSpawnPosition(Lnet/minecraft/network/protocol/game/ClientboundSetDefaultSpawnPositionPacket;Lorg/spongepowered/asm/mixin/injection/callback/CallbackInfo;)V won't be passed a CallbackInfo as a result
[28Sep2026 11:40:53.269] [Render thread/DEBUG] [mixin/]: xaeroworldmap.mixins.json:MixinClientPlayNetworkHandler from mod xaeroworldmap->@Inject::onCleanup(Lorg/spongepowered/asm/mixin/injection/callback/CallbackInfo;)V doesn't use it's CallbackInfo
[28Sep2026 11:40:53.269] [Render thread/DEBUG] [mixin/]: xaeroworldmap.mixins.json:MixinClientPlayNetworkHandler from mod xaeroworldmap->@Inject::onCleanup(Lorg/spongepowered/asm/mixin/injection/callback/CallbackInfo;)V has 0 override(s) in child classes
[28Sep2026 11:40:53.269] [Render thread/DEBUG] [mixin/]: xaeroworldmap.mixins.json:MixinClientPlayNetworkHandler from mod xaeroworldmap->@Inject::onCleanup(Lorg/spongepowered/asm/mixin/injection/callback/CallbackInfo;)V won't be passed a CallbackInfo as a result
[28Sep2026 11:40:53.269] [Render thread/DEBUG] [mixin/]: xaeroworldmap.neoforge.mixins.json:MixinForgeClientPacketListener from mod xaeroworldmap->@Inject::onOnGameJoin(Lnet/minecraft/network/protocol/game/ClientboundLoginPacket;Lorg/spongepowered/asm/mixin/injection/callback/CallbackInfo;)V doesn't use it's CallbackInfo
[28Sep2026 11:40:53.270] [Render thread/DEBUG] [mixin/]: xaeroworldmap.neoforge.mixins.json:MixinForgeClientPacketListener from mod xaeroworldmap->@Inject::onOnGameJoin(Lnet/minecraft/network/protocol/game/ClientboundLoginPacket;Lorg/spongepowered/asm/mixin/injection/callback/CallbackInfo;)V has 0 override(s) in child classes
[28Sep2026 11:40:53.270] [Render thread/DEBUG] [mixin/]: xaeroworldmap.neoforge.mixins.json:MixinForgeClientPacketListener from mod xaeroworldmap->@Inject::onOnGameJoin(Lnet/minecraft/network/protocol/game/ClientboundLoginPacket;Lorg/spongepowered/asm/mixin/injection/callback/CallbackInfo;)V won't be passed a CallbackInfo as a result
[28Sep2026 11:40:54.161] [Render thread/INFO] [xaero.hud.minimap.MinimapLogs/]: Registered player tracker system: minimap_synced
[28Sep2026 11:40:54.162] [Render thread/INFO] [xaero.lib.XaeroLib/]: Loading XaeroLib common 2/2!
[28Sep2026 11:40:54.162] [Render thread/INFO] [xaero.lib.XaeroLib/]: Loading XaeroLib client 2/2!
[28Sep2026 11:40:54.162] [Render thread/DEBUG] [net.neoforged.fml.DeferredWorkQueue/LOADING]: Synchronous work queue completed in 1.974 s
[28Sep2026 11:40:54.288] [Render thread/WARN] [net.minecraft.client.sounds.SoundEngine/]: Missing sound for event: minecraft:item.goat_horn.play
[28Sep2026 11:40:54.288] [Render thread/WARN] [net.minecraft.client.sounds.SoundEngine/]: Missing sound for event: minecraft:entity.goat.screaming.horn_break
[28Sep2026 11:40:54.311] [Render thread/INFO] [com.mojang.blaze3d.audio.Library/]: OpenAL initialized on device OpenAL Soft on Speakers (Steam Streaming Speakers)
[28Sep2026 11:40:54.311] [Render thread/INFO] [net.minecraft.client.sounds.SoundEngine/SOUNDS]: Sound engine started
[28Sep2026 11:40:54.390] [Render thread/INFO] [net.minecraft.client.renderer.texture.TextureAtlas/]: Created: 1024x512x4 minecraft:textures/atlas/blocks.png-atlas
[28Sep2026 11:40:54.397] [Render thread/INFO] [net.minecraft.client.renderer.texture.TextureAtlas/]: Created: 256x256x4 minecraft:textures/atlas/signs.png-atlas
[28Sep2026 11:40:54.397] [Render thread/INFO] [net.minecraft.client.renderer.texture.TextureAtlas/]: Created: 512x512x4 minecraft:textures/atlas/shield_patterns.png-atlas
[28Sep2026 11:40:54.397] [Render thread/INFO] [net.minecraft.client.renderer.texture.TextureAtlas/]: Created: 512x512x4 minecraft:textures/atlas/banner_patterns.png-atlas
[28Sep2026 11:40:54.397] [Render thread/INFO] [net.minecraft.client.renderer.texture.TextureAtlas/]: Created: 1024x1024x4 minecraft:textures/atlas/armor_trims.png-atlas
[28Sep2026 11:40:54.401] [Render thread/INFO] [net.minecraft.client.renderer.texture.TextureAtlas/]: Created: 128x64x4 minecraft:textures/atlas/decorated_pot.png-atlas
[28Sep2026 11:40:54.402] [Render thread/INFO] [net.minecraft.client.renderer.texture.TextureAtlas/]: Created: 256x256x4 minecraft:textures/atlas/chest.png-atlas
[28Sep2026 11:40:54.402] [Render thread/INFO] [net.minecraft.client.renderer.texture.TextureAtlas/]: Created: 512x256x4 minecraft:textures/atlas/beds.png-atlas
[28Sep2026 11:40:54.402] [Render thread/INFO] [net.minecraft.client.renderer.texture.TextureAtlas/]: Created: 512x256x4 minecraft:textures/atlas/shulker_boxes.png-atlas
[28Sep2026 11:40:54.405] [Render thread/DEBUG] [mixin/]: Mixing MixinAnimalModel from xaerohud.mixins.json into net.minecraft.client.model.AgeableListModel
[28Sep2026 11:40:54.405] [Render thread/DEBUG] [mixin/]: xaerohud.mixins.json:MixinAnimalModel from mod xaerominimap: Class version 65 required is higher than the class version supported by the current version of Mixin (JAVA_17 supports class version 61)
[28Sep2026 11:40:54.406] [Render thread/DEBUG] [mixin/]: xaerohud.mixins.json:MixinAnimalModel from mod xaerominimap->@Inject::onRender(Lcom/mojang/blaze3d/vertex/PoseStack;Lcom/mojang/blaze3d/vertex/VertexConsumer;IIILorg/spongepowered/asm/mixin/injection/callback/CallbackInfo;)V doesn't use it's CallbackInfo
[28Sep2026 11:40:54.406] [Render thread/DEBUG] [mixin/]: xaerohud.mixins.json:MixinAnimalModel from mod xaerominimap->@Inject::onRender(Lcom/mojang/blaze3d/vertex/PoseStack;Lcom/mojang/blaze3d/vertex/VertexConsumer;IIILorg/spongepowered/asm/mixin/injection/callback/CallbackInfo;)V has 0 override(s) in child classes
[28Sep2026 11:40:54.406] [Render thread/DEBUG] [mixin/]: xaerohud.mixins.json:MixinAnimalModel from mod xaerominimap->@Inject::onRender(Lcom/mojang/blaze3d/vertex/PoseStack;Lcom/mojang/blaze3d/vertex/VertexConsumer;IIILorg/spongepowered/asm/mixin/injection/callback/CallbackInfo;)V won't be passed a CallbackInfo as a result
[28Sep2026 11:40:54.408] [Render thread/DEBUG] [mixin/]: Mixing MixinSinglePartEntityModel from xaerohud.mixins.json into net.minecraft.client.model.HierarchicalModel
[28Sep2026 11:40:54.408] [Render thread/DEBUG] [mixin/]: xaerohud.mixins.json:MixinSinglePartEntityModel from mod xaerominimap: Class version 65 required is higher than the class version supported by the current version of Mixin (JAVA_17 supports class version 61)
[28Sep2026 11:40:54.410] [Render thread/DEBUG] [mixin/]: xaerohud.mixins.json:MixinSinglePartEntityModel from mod xaerominimap->@Inject::onRender(Lcom/mojang/blaze3d/vertex/PoseStack;Lcom/mojang/blaze3d/vertex/VertexConsumer;IIILorg/spongepowered/asm/mixin/injection/callback/CallbackInfo;)V doesn't use it's CallbackInfo
[28Sep2026 11:40:54.410] [Render thread/DEBUG] [mixin/]: xaerohud.mixins.json:MixinSinglePartEntityModel from mod xaerominimap->@Inject::onRender(Lcom/mojang/blaze3d/vertex/PoseStack;Lcom/mojang/blaze3d/vertex/VertexConsumer;IIILorg/spongepowered/asm/mixin/injection/callback/CallbackInfo;)V has 0 override(s) in child classes
[28Sep2026 11:40:54.410] [Render thread/DEBUG] [mixin/]: xaerohud.mixins.json:MixinSinglePartEntityModel from mod xaerominimap->@Inject::onRender(Lcom/mojang/blaze3d/vertex/PoseStack;Lcom/mojang/blaze3d/vertex/VertexConsumer;IIILorg/spongepowered/asm/mixin/injection/callback/CallbackInfo;)V won't be passed a CallbackInfo as a result
[28Sep2026 11:40:54.414] [Render thread/DEBUG] [mixin/]: Mixing MixinLlamaEntityModel from xaerohud.mixins.json into net.minecraft.client.model.LlamaModel
[28Sep2026 11:40:54.414] [Render thread/DEBUG] [mixin/]: xaerohud.mixins.json:MixinLlamaEntityModel from mod xaerominimap: Class version 65 required is higher than the class version supported by the current version of Mixin (JAVA_17 supports class version 61)
[28Sep2026 11:40:54.414] [Render thread/DEBUG] [mixin/]: xaerohud.mixins.json:MixinLlamaEntityModel from mod xaerominimap->@Inject::onRender(Lcom/mojang/blaze3d/vertex/PoseStack;Lcom/mojang/blaze3d/vertex/VertexConsumer;IIILorg/spongepowered/asm/mixin/injection/callback/CallbackInfo;)V doesn't use it's CallbackInfo
[28Sep2026 11:40:54.414] [Render thread/DEBUG] [mixin/]: xaerohud.mixins.json:MixinLlamaEntityModel from mod xaerominimap->@Inject::onRender(Lcom/mojang/blaze3d/vertex/PoseStack;Lcom/mojang/blaze3d/vertex/VertexConsumer;IIILorg/spongepowered/asm/mixin/injection/callback/CallbackInfo;)V has 0 override(s) in child classes
[28Sep2026 11:40:54.414] [Render thread/DEBUG] [mixin/]: xaerohud.mixins.json:MixinLlamaEntityModel from mod xaerominimap->@Inject::onRender(Lcom/mojang/blaze3d/vertex/PoseStack;Lcom/mojang/blaze3d/vertex/VertexConsumer;IIILorg/spongepowered/asm/mixin/injection/callback/CallbackInfo;)V won't be passed a CallbackInfo as a result
[28Sep2026 11:40:54.442] [Render thread/DEBUG] [mixin/]: Mixing MixinRabbitEntityModel from xaerohud.mixins.json into net.minecraft.client.model.RabbitModel
[28Sep2026 11:40:54.442] [Render thread/DEBUG] [mixin/]: xaerohud.mixins.json:MixinRabbitEntityModel from mod xaerominimap: Class version 65 required is higher than the class version supported by the current version of Mixin (JAVA_17 supports class version 61)
[28Sep2026 11:40:54.442] [Render thread/DEBUG] [mixin/]: xaerohud.mixins.json:MixinRabbitEntityModel from mod xaerominimap->@Inject::onRender(Lcom/mojang/blaze3d/vertex/PoseStack;Lcom/mojang/blaze3d/vertex/VertexConsumer;IIILorg/spongepowered/asm/mixin/injection/callback/CallbackInfo;)V doesn't use it's CallbackInfo
[28Sep2026 11:40:54.442] [Render thread/DEBUG] [mixin/]: xaerohud.mixins.json:MixinRabbitEntityModel from mod xaerominimap->@Inject::onRender(Lcom/mojang/blaze3d/vertex/PoseStack;Lcom/mojang/blaze3d/vertex/VertexConsumer;IIILorg/spongepowered/asm/mixin/injection/callback/CallbackInfo;)V has 0 override(s) in child classes
[28Sep2026 11:40:54.442] [Render thread/DEBUG] [mixin/]: xaerohud.mixins.json:MixinRabbitEntityModel from mod xaerominimap->@Inject::onRender(Lcom/mojang/blaze3d/vertex/PoseStack;Lcom/mojang/blaze3d/vertex/VertexConsumer;IIILorg/spongepowered/asm/mixin/injection/callback/CallbackInfo;)V won't be passed a CallbackInfo as a result
[28Sep2026 11:40:54.445] [Render thread/DEBUG] [mixin/]: Mixing MixinCompositeEntityModel from xaerohud.mixins.json into net.minecraft.client.model.ListModel
[28Sep2026 11:40:54.445] [Render thread/DEBUG] [mixin/]: xaerohud.mixins.json:MixinCompositeEntityModel from mod xaerominimap: Class version 65 required is higher than the class version supported by the current version of Mixin (JAVA_17 supports class version 61)
[28Sep2026 11:40:54.446] [Render thread/DEBUG] [mixin/]: xaerohud.mixins.json:MixinCompositeEntityModel from mod xaerominimap->@Inject::onRender(Lcom/mojang/blaze3d/vertex/PoseStack;Lcom/mojang/blaze3d/vertex/VertexConsumer;IIILorg/spongepowered/asm/mixin/injection/callback/CallbackInfo;)V doesn't use it's CallbackInfo
[28Sep2026 11:40:54.446] [Render thread/DEBUG] [mixin/]: xaerohud.mixins.json:MixinCompositeEntityModel from mod xaerominimap->@Inject::onRender(Lcom/mojang/blaze3d/vertex/PoseStack;Lcom/mojang/blaze3d/vertex/VertexConsumer;IIILorg/spongepowered/asm/mixin/injection/callback/CallbackInfo;)V has 0 override(s) in child classes
[28Sep2026 11:40:54.446] [Render thread/DEBUG] [mixin/]: xaerohud.mixins.json:MixinCompositeEntityModel from mod xaerominimap->@Inject::onRender(Lcom/mojang/blaze3d/vertex/PoseStack;Lcom/mojang/blaze3d/vertex/VertexConsumer;IIILorg/spongepowered/asm/mixin/injection/callback/CallbackInfo;)V won't be passed a CallbackInfo as a result
[28Sep2026 11:40:54.534] [Render thread/DEBUG] [mixin/]: Mixing MixinDragonEntityModel from xaerohud.mixins.json into net.minecraft.client.renderer.entity.EnderDragonRenderer$DragonModel
[28Sep2026 11:40:54.535] [Render thread/DEBUG] [mixin/]: xaerohud.mixins.json:MixinDragonEntityModel from mod xaerominimap: Class version 65 required is higher than the class version supported by the current version of Mixin (JAVA_17 supports class version 61)
[28Sep2026 11:40:54.536] [Render thread/DEBUG] [mixin/]: xaerohud.mixins.json:MixinDragonEntityModel from mod xaerominimap->@Inject::onRender(Lcom/mojang/blaze3d/vertex/PoseStack;Lcom/mojang/blaze3d/vertex/VertexConsumer;IIILorg/spongepowered/asm/mixin/injection/callback/CallbackInfo;)V doesn't use it's CallbackInfo
[28Sep2026 11:40:54.536] [Render thread/DEBUG] [mixin/]: xaerohud.mixins.json:MixinDragonEntityModel from mod xaerominimap->@Inject::onRender(Lcom/mojang/blaze3d/vertex/PoseStack;Lcom/mojang/blaze3d/vertex/VertexConsumer;IIILorg/spongepowered/asm/mixin/injection/callback/CallbackInfo;)V has 0 override(s) in child classes
[28Sep2026 11:40:54.536] [Render thread/DEBUG] [mixin/]: xaerohud.mixins.json:MixinDragonEntityModel from mod xaerominimap->@Inject::onRender(Lcom/mojang/blaze3d/vertex/PoseStack;Lcom/mojang/blaze3d/vertex/VertexConsumer;IIILorg/spongepowered/asm/mixin/injection/callback/CallbackInfo;)V won't be passed a CallbackInfo as a result
[28Sep2026 11:40:54.547] [Render thread/INFO] [net.minecraft.client.renderer.texture.TextureAtlas/]: Created: 512x256x0 minecraft:textures/atlas/particles.png-atlas
[28Sep2026 11:40:54.547] [Render thread/INFO] [net.minecraft.client.renderer.texture.TextureAtlas/]: Created: 512x256x0 minecraft:textures/atlas/paintings.png-atlas
[28Sep2026 11:40:54.549] [Render thread/INFO] [net.minecraft.client.renderer.texture.TextureAtlas/]: Created: 256x128x0 minecraft:textures/atlas/mob_effects.png-atlas
[28Sep2026 11:40:54.549] [Render thread/INFO] [net.minecraft.client.renderer.texture.TextureAtlas/]: Created: 64x64x0 minecraft:textures/atlas/map_decorations.png-atlas
[28Sep2026 11:40:54.549] [Render thread/INFO] [net.minecraft.client.renderer.texture.TextureAtlas/]: Created: 1024x512x0 minecraft:textures/atlas/gui.png-atlas
[28Sep2026 11:40:54.571] [Render thread/WARN] [net.minecraft.client.renderer.ShaderInstance/]: Shader rendertype_entity_translucent_emissive could not find sampler named Sampler2 in the specified shader program.
[28Sep2026 11:40:54.630] [Render thread/INFO] [xaero.lib.XaeroLib/]: Successfully reloaded the XaeroLib shaders!
[28Sep2026 11:40:54.633] [Render thread/INFO] [net.neoforged.neoforge.client.entity.animation.json.AnimationLoader/]: Loaded 0 entity animations
[28Sep2026 11:41:00.806] [Render thread/DEBUG] [mixin/]: Mixing MixinLevelStorageAccess from xaerohud.mixins.json into net.minecraft.world.level.storage.LevelStorageSource$LevelStorageAccess
[28Sep2026 11:41:00.806] [Render thread/DEBUG] [mixin/]: xaerohud.mixins.json:MixinLevelStorageAccess from mod xaerominimap: Class version 65 required is higher than the class version supported by the current version of Mixin (JAVA_17 supports class version 61)
[28Sep2026 11:41:00.806] [Render thread/DEBUG] [mixin/]: Mixing MixinLevelStorageAccess from xaeroworldmap.mixins.json into net.minecraft.world.level.storage.LevelStorageSource$LevelStorageAccess
[28Sep2026 11:41:00.806] [Render thread/DEBUG] [mixin/]: xaeroworldmap.mixins.json:MixinLevelStorageAccess from mod xaeroworldmap: Class version 65 required is higher than the class version supported by the current version of Mixin (JAVA_17 supports class version 61)
[28Sep2026 11:41:00.806] [Render thread/DEBUG] [mixin/]: xaerohud.mixins.json:MixinLevelStorageAccess from mod xaerominimap->@Inject::onDeleteLevel(Lorg/spongepowered/asm/mixin/injection/callback/CallbackInfo;)V doesn't use it's CallbackInfo
[28Sep2026 11:41:00.806] [Render thread/DEBUG] [mixin/]: xaerohud.mixins.json:MixinLevelStorageAccess from mod xaerominimap->@Inject::onDeleteLevel(Lorg/spongepowered/asm/mixin/injection/callback/CallbackInfo;)V has 0 override(s) in child classes
[28Sep2026 11:41:00.806] [Render thread/DEBUG] [mixin/]: xaerohud.mixins.json:MixinLevelStorageAccess from mod xaerominimap->@Inject::onDeleteLevel(Lorg/spongepowered/asm/mixin/injection/callback/CallbackInfo;)V won't be passed a CallbackInfo as a result
[28Sep2026 11:41:00.806] [Render thread/DEBUG] [mixin/]: xaeroworldmap.mixins.json:MixinLevelStorageAccess from mod xaeroworldmap->@Inject::onDeleteLevel(Lorg/spongepowered/asm/mixin/injection/callback/CallbackInfo;)V doesn't use it's CallbackInfo
[28Sep2026 11:41:00.807] [Render thread/DEBUG] [mixin/]: xaeroworldmap.mixins.json:MixinLevelStorageAccess from mod xaeroworldmap->@Inject::onDeleteLevel(Lorg/spongepowered/asm/mixin/injection/callback/CallbackInfo;)V has 0 override(s) in child classes
[28Sep2026 11:41:00.807] [Render thread/DEBUG] [mixin/]: xaeroworldmap.mixins.json:MixinLevelStorageAccess from mod xaeroworldmap->@Inject::onDeleteLevel(Lorg/spongepowered/asm/mixin/injection/callback/CallbackInfo;)V won't be passed a CallbackInfo as a result
[28Sep2026 11:41:00.842] [Render thread/DEBUG] [mixin/]: Mixing AccessorServerPlayerGameMode from worldedit-neoforge.mixins.json into net.minecraft.server.level.ServerPlayerGameMode
[28Sep2026 11:41:00.842] [Render thread/DEBUG] [mixin/]: worldedit-neoforge.mixins.json:AccessorServerPlayerGameMode from mod worldedit: Class version 65 required is higher than the class version supported by the current version of Mixin (JAVA_17 supports class version 61)
[28Sep2026 11:41:01.336] [Worker-Main-7/INFO] [com.sk89q.worldedit.extension.platform.PlatformCommandManager/]: Registering commands with com.sk89q.worldedit.neoforge.NeoForgePlatform
[28Sep2026 11:41:01.465] [Render thread/INFO] [net.minecraft.world.item.crafting.RecipeManager/]: Loaded 1299 recipes
[28Sep2026 11:41:01.571] [Render thread/INFO] [net.minecraft.advancements.AdvancementTree/]: Loaded 1408 advancements
[28Sep2026 11:41:01.848] [Render thread/DEBUG] [net.neoforged.neoforge.common.CommonHooks/WP]: Gathered mod list to write to world save New World
[28Sep2026 11:41:01.860] [Render thread/DEBUG] [mixin/]: Mixing MixinPlayerList from xaerolib.mixins.json into net.minecraft.server.players.PlayerList
[28Sep2026 11:41:01.860] [Render thread/DEBUG] [mixin/]: xaerolib.mixins.json:MixinPlayerList from mod xaerolib: Class version 65 required is higher than the class version supported by the current version of Mixin (JAVA_17 supports class version 61)
[28Sep2026 11:41:01.860] [Render thread/DEBUG] [mixin/]: Mixing MixinPlayerList from xaerohud.mixins.json into net.minecraft.server.players.PlayerList
[28Sep2026 11:41:01.860] [Render thread/DEBUG] [mixin/]: xaerohud.mixins.json:MixinPlayerList from mod xaerominimap: Class version 65 required is higher than the class version supported by the current version of Mixin (JAVA_17 supports class version 61)
[28Sep2026 11:41:01.862] [Render thread/DEBUG] [mixin/]: Mixing MixinPlayerList from xaeroworldmap.mixins.json into net.minecraft.server.players.PlayerList
[28Sep2026 11:41:01.862] [Render thread/DEBUG] [mixin/]: xaeroworldmap.mixins.json:MixinPlayerList from mod xaeroworldmap: Class version 65 required is higher than the class version supported by the current version of Mixin (JAVA_17 supports class version 61)
[28Sep2026 11:41:01.862] [Render thread/DEBUG] [mixin/]: xaerolib.mixins.json:MixinPlayerList from mod xaerolib->@Inject::onSendLevelInfo(Lnet/minecraft/server/level/ServerPlayer;Lnet/minecraft/server/level/ServerLevel;Lorg/spongepowered/asm/mixin/injection/callback/CallbackInfo;)V doesn't use it's CallbackInfo
[28Sep2026 11:41:01.862] [Render thread/DEBUG] [mixin/]: xaerolib.mixins.json:MixinPlayerList from mod xaerolib->@Inject::onSendLevelInfo(Lnet/minecraft/server/level/ServerPlayer;Lnet/minecraft/server/level/ServerLevel;Lorg/spongepowered/asm/mixin/injection/callback/CallbackInfo;)V has 0 override(s) in child classes
[28Sep2026 11:41:01.862] [Render thread/DEBUG] [mixin/]: xaerolib.mixins.json:MixinPlayerList from mod xaerolib->@Inject::onSendLevelInfo(Lnet/minecraft/server/level/ServerPlayer;Lnet/minecraft/server/level/ServerLevel;Lorg/spongepowered/asm/mixin/injection/callback/CallbackInfo;)V won't be passed a CallbackInfo as a result
[28Sep2026 11:41:01.862] [Render thread/DEBUG] [mixin/]: xaerohud.mixins.json:MixinPlayerList from mod xaerominimap->@Inject::onSendWorldInfo(Lnet/minecraft/server/level/ServerPlayer;Lnet/minecraft/server/level/ServerLevel;Lorg/spongepowered/asm/mixin/injection/callback/CallbackInfo;)V doesn't use it's CallbackInfo
[28Sep2026 11:41:01.862] [Render thread/DEBUG] [mixin/]: xaerohud.mixins.json:MixinPlayerList from mod xaerominimap->@Inject::onSendWorldInfo(Lnet/minecraft/server/level/ServerPlayer;Lnet/minecraft/server/level/ServerLevel;Lorg/spongepowered/asm/mixin/injection/callback/CallbackInfo;)V has 0 override(s) in child classes
[28Sep2026 11:41:01.862] [Render thread/DEBUG] [mixin/]: xaerohud.mixins.json:MixinPlayerList from mod xaerominimap->@Inject::onSendWorldInfo(Lnet/minecraft/server/level/ServerPlayer;Lnet/minecraft/server/level/ServerLevel;Lorg/spongepowered/asm/mixin/injection/callback/CallbackInfo;)V won't be passed a CallbackInfo as a result
[28Sep2026 11:41:01.862] [Render thread/DEBUG] [mixin/]: xaeroworldmap.mixins.json:MixinPlayerList from mod xaeroworldmap->@Inject::onSendWorldInfo(Lnet/minecraft/server/level/ServerPlayer;Lnet/minecraft/server/level/ServerLevel;Lorg/spongepowered/asm/mixin/injection/callback/CallbackInfo;)V doesn't use it's CallbackInfo
[28Sep2026 11:41:01.862] [Render thread/DEBUG] [mixin/]: xaeroworldmap.mixins.json:MixinPlayerList from mod xaeroworldmap->@Inject::onSendWorldInfo(Lnet/minecraft/server/level/ServerPlayer;Lnet/minecraft/server/level/ServerLevel;Lorg/spongepowered/asm/mixin/injection/callback/CallbackInfo;)V has 0 override(s) in child classes
[28Sep2026 11:41:01.862] [Render thread/DEBUG] [mixin/]: xaeroworldmap.mixins.json:MixinPlayerList from mod xaeroworldmap->@Inject::onSendWorldInfo(Lnet/minecraft/server/level/ServerPlayer;Lnet/minecraft/server/level/ServerLevel;Lorg/spongepowered/asm/mixin/injection/callback/CallbackInfo;)V won't be passed a CallbackInfo as a result
[28Sep2026 11:41:01.877] [Server thread/INFO] [net.minecraft.client.server.IntegratedServer/]: Starting integrated minecraft server version 1.21.1
[28Sep2026 11:41:01.877] [Server thread/INFO] [net.minecraft.server.MinecraftServer/]: Generating keypair
[28Sep2026 11:41:01.915] [Server thread/DEBUG] [net.neoforged.fml.config.ConfigTracker/CONFIG]: Loading configs type SERVER
[28Sep2026 11:41:01.916] [Server thread/DEBUG] [net.neoforged.neoforge.common.NeoForgeConfig/FORGEMOD]: Loaded NeoForge config file neoforge-server.toml
[28Sep2026 11:41:01.916] [Server thread/DEBUG] [net.neoforged.fml.config.ConfigTracker/CONFIG]: Loaded TOML config file C:\Users\owenp\dev\projects\Minecraft mods\Owies Airport Pack\Owies Airport Pack Neoforge\run\config\neoforge-server.toml
[28Sep2026 11:41:01.916] [Server thread/DEBUG] [net.neoforged.fml.config.ConfigTracker/CONFIG]: Watching TOML config file C:\Users\owenp\dev\projects\Minecraft mods\Owies Airport Pack\Owies Airport Pack Neoforge\run\config\neoforge-server.toml for changes
[28Sep2026 11:41:02.028] [Server thread/INFO] [net.minecraft.server.MinecraftServer/]: Preparing start region for dimension minecraft:overworld
[28Sep2026 11:41:02.174] [progressListener/INFO] [net.minecraft.server.level.progress.LoggerChunkProgressListener/]: Preparing spawn area: 0%
[28Sep2026 11:41:02.233] [progressListener/INFO] [net.minecraft.server.level.progress.LoggerChunkProgressListener/]: Time elapsed: 186 ms
[28Sep2026 11:41:02.234] [Server thread/INFO] [net.neoforged.neoforge.server.permission.PermissionAPI/]: Successfully initialized permission handler neoforge:default_handler
[28Sep2026 11:41:02.234] [Server thread/INFO] [owiegamer.owies_airport_pack_neoforge.OwiesAirportPackNeoforge/]: HELLO from server starting
[28Sep2026 11:41:02.867] [Server thread/INFO] [net.minecraft.client.server.IntegratedServer/]: Changing view distance to 12, from 10
[28Sep2026 11:41:02.867] [Server thread/INFO] [net.minecraft.client.server.IntegratedServer/]: Changing simulation distance to 12, from 0
[28Sep2026 11:41:02.915] [Render thread/DEBUG] [io.netty.channel.MultithreadEventLoopGroup/]: -Dio.netty.eventLoopThreads: 32
[28Sep2026 11:41:02.943] [Render thread/DEBUG] [io.netty.util.concurrent.GlobalEventExecutor/]: -Dio.netty.globalEventExecutor.quietPeriodSeconds: 1
[28Sep2026 11:41:02.970] [Render thread/DEBUG] [io.netty.channel.nio.NioEventLoop/]: -Dio.netty.noKeySetOptimization: false
[28Sep2026 11:41:02.970] [Render thread/DEBUG] [io.netty.channel.nio.NioEventLoop/]: -Dio.netty.selectorAutoRebuildThreshold: 512
[28Sep2026 11:41:02.975] [Render thread/DEBUG] [io.netty.util.internal.PlatformDependent/]: org.jctools-core.MpscChunkedArrayQueue: available
[28Sep2026 11:41:03.006] [Render thread/DEBUG] [io.netty.channel.DefaultChannelId/]: -Dio.netty.processId: 14820 (auto-detected)
[28Sep2026 11:41:03.007] [Render thread/DEBUG] [io.netty.util.NetUtil/]: -Djava.net.preferIPv4Stack: false
[28Sep2026 11:41:03.007] [Render thread/DEBUG] [io.netty.util.NetUtil/]: -Djava.net.preferIPv6Addresses: system
[28Sep2026 11:41:03.009] [Render thread/DEBUG] [io.netty.util.NetUtilInitializations/]: Loopback interface: loopback_0 (Software Loopback Interface 1, 0:0:0:0:0:0:0:1)
[28Sep2026 11:41:03.009] [Render thread/DEBUG] [io.netty.util.NetUtil/]: Failed to get SOMAXCONN from sysctl and file \proc\sys\net\core\somaxconn. Default: 200
[28Sep2026 11:41:03.010] [Render thread/DEBUG] [io.netty.channel.DefaultChannelId/]: -Dio.netty.machineId: a0:ad:9f:ff:fe:d2:41:2c (auto-detected)
[28Sep2026 11:41:03.048] [Render thread/DEBUG] [io.netty.util.Recycler/]: -Dio.netty.recycler.maxCapacityPerThread: 4096
[28Sep2026 11:41:03.048] [Render thread/DEBUG] [io.netty.util.Recycler/]: -Dio.netty.recycler.ratio: 8
[28Sep2026 11:41:03.048] [Render thread/DEBUG] [io.netty.util.Recycler/]: -Dio.netty.recycler.chunkSize: 32
[28Sep2026 11:41:03.048] [Render thread/DEBUG] [io.netty.util.Recycler/]: -Dio.netty.recycler.blocking: false
[28Sep2026 11:41:03.048] [Render thread/DEBUG] [io.netty.util.Recycler/]: -Dio.netty.recycler.batchFastThreadLocalOnly: true
[28Sep2026 11:41:03.118] [Netty Server IO #1/DEBUG] [net.neoforged.neoforge.network.filters.NetworkFilters/]: Injected net.neoforged.neoforge.network.filters.GenericPacketSplitter@1eed8574 into net.minecraft.network.Connection@3289c4b0
[28Sep2026 11:41:03.121] [Netty Local Client IO #0/DEBUG] [net.neoforged.neoforge.network.filters.NetworkFilters/]: Injected net.neoforged.neoforge.network.filters.GenericPacketSplitter@2c61ad39 into net.minecraft.network.Connection@7e47df9e
[28Sep2026 11:41:03.292] [Render thread/DEBUG] [mixin/]: Mixing MixinChunkDeltaUpdateS2CPacket from xaerohud.mixins.json into net.minecraft.network.protocol.game.ClientboundSectionBlocksUpdatePacket
[28Sep2026 11:41:03.292] [Render thread/DEBUG] [mixin/]: xaerohud.mixins.json:MixinChunkDeltaUpdateS2CPacket from mod xaerominimap: Class version 65 required is higher than the class version supported by the current version of Mixin (JAVA_17 supports class version 61)
[28Sep2026 11:41:03.293] [Render thread/DEBUG] [mixin/]: Mixing MixinChunkDeltaUpdateS2CPacketAccessor from xaeroworldmap.mixins.json into net.minecraft.network.protocol.game.ClientboundSectionBlocksUpdatePacket
[28Sep2026 11:41:03.293] [Render thread/DEBUG] [mixin/]: xaeroworldmap.mixins.json:MixinChunkDeltaUpdateS2CPacketAccessor from mod xaeroworldmap: Class version 65 required is higher than the class version supported by the current version of Mixin (JAVA_17 supports class version 61)
[28Sep2026 11:41:03.318] [Netty Server IO #1/DEBUG] [net.neoforged.neoforge.network.filters.NetworkFilters/]: Injected net.neoforged.neoforge.network.filters.GenericPacketSplitter@7d8f8a15 into net.minecraft.network.Connection@3289c4b0
[28Sep2026 11:41:03.366] [Server thread/INFO] [net.minecraft.server.players.PlayerList/]: Dev[local:E:c6eef4aa] logged in with entity id 5 at (12.87042114960624, -60.0, 20.848216550262254)
[28Sep2026 11:41:03.368] [Server thread/DEBUG] [mixin/]: Mixing MixinServerGamePacketListenerImpl from worldedit-neoforge.mixins.json into net.minecraft.server.network.ServerGamePacketListenerImpl
[28Sep2026 11:41:03.368] [Server thread/DEBUG] [mixin/]: worldedit-neoforge.mixins.json:MixinServerGamePacketListenerImpl from mod worldedit: Class version 65 required is higher than the class version supported by the current version of Mixin (JAVA_17 supports class version 61)
[28Sep2026 11:41:03.373] [Server thread/DEBUG] [mixin/]: worldedit-neoforge.mixins.json:MixinServerGamePacketListenerImpl from mod worldedit->@Inject::onAnimate(Lnet/minecraft/network/protocol/game/ServerboundSwingPacket;Lorg/spongepowered/asm/mixin/injection/callback/CallbackInfo;)V doesn't use it's CallbackInfo
[28Sep2026 11:41:03.373] [Server thread/DEBUG] [mixin/]: worldedit-neoforge.mixins.json:MixinServerGamePacketListenerImpl from mod worldedit->@Inject::onAnimate(Lnet/minecraft/network/protocol/game/ServerboundSwingPacket;Lorg/spongepowered/asm/mixin/injection/callback/CallbackInfo;)V has 0 override(s) in child classes
[28Sep2026 11:41:03.373] [Server thread/DEBUG] [mixin/]: worldedit-neoforge.mixins.json:MixinServerGamePacketListenerImpl from mod worldedit->@Inject::onAnimate(Lnet/minecraft/network/protocol/game/ServerboundSwingPacket;Lorg/spongepowered/asm/mixin/injection/callback/CallbackInfo;)V won't be passed a CallbackInfo as a result
[28Sep2026 11:41:03.373] [Server thread/DEBUG] [mixin/]: worldedit-neoforge.mixins.json:MixinServerGamePacketListenerImpl from mod worldedit->@Inject::onAction(Lnet/minecraft/network/protocol/game/ServerboundPlayerActionPacket;Lorg/spongepowered/asm/mixin/injection/callback/CallbackInfo;)V doesn't use it's CallbackInfo
[28Sep2026 11:41:03.373] [Server thread/DEBUG] [mixin/]: worldedit-neoforge.mixins.json:MixinServerGamePacketListenerImpl from mod worldedit->@Inject::onAction(Lnet/minecraft/network/protocol/game/ServerboundPlayerActionPacket;Lorg/spongepowered/asm/mixin/injection/callback/CallbackInfo;)V has 0 override(s) in child classes
[28Sep2026 11:41:03.373] [Server thread/DEBUG] [mixin/]: worldedit-neoforge.mixins.json:MixinServerGamePacketListenerImpl from mod worldedit->@Inject::onAction(Lnet/minecraft/network/protocol/game/ServerboundPlayerActionPacket;Lorg/spongepowered/asm/mixin/injection/callback/CallbackInfo;)V won't be passed a CallbackInfo as a result
[28Sep2026 11:41:03.454] [Server thread/INFO] [net.minecraft.server.MinecraftServer/]: Dev joined the game
[28Sep2026 11:41:03.469] [Render thread/DEBUG] [xaero.lib.XaeroLib/]: Loaded xaero.lib.platform.services.PlatformClientOnlyHelperNeoForge@2e619363 for service interface xaero.lib.platform.services.IPlatformClientOnlyHelper
[28Sep2026 11:41:03.484] [Render thread/INFO] [xaero.hud.minimap.MinimapLogs/]: Minimap required item set to nothing.
[28Sep2026 11:41:03.484] [Render thread/DEBUG] [xaero.common.HudMod/]: Initialized new session for module xaerominimap:minimap!
[28Sep2026 11:41:03.484] [Render thread/INFO] [xaero.hud.minimap.MinimapLogs/]: New Xaero hud session initialized!
[28Sep2026 11:41:03.553] [Render thread/INFO] [xaero.map.WorldMap/]: Fullscreen map required item set to nothing.
[28Sep2026 11:41:03.574] [Render thread/INFO] [xaero.map.WorldMap/]: New world map session initialized!
[28Sep2026 11:41:03.782] [Render thread/INFO] [xaero.hud.minimap.MinimapLogs/]: Minimap updated server level id: 1856199015 for world ResourceKey[minecraft:dimension / minecraft:overworld]
[28Sep2026 11:41:03.786] [Render thread/INFO] [net.minecraft.advancements.AdvancementTree/]: Loaded 2 advancements
[28Sep2026 11:41:04.029] [Render thread/INFO] [xaero.hud.minimap.MinimapLogs/]: Reloading radar icon resources...
[28Sep2026 11:41:04.072] [Render thread/INFO] [xaero.hud.minimap.MinimapLogs/]: Reloaded radar icon resources!
[28Sep2026 11:41:23.582] [Server thread/INFO] [net.minecraft.client.server.IntegratedServer/]: Saving and pausing game...
[28Sep2026 11:41:23.591] [Server thread/INFO] [net.minecraft.server.MinecraftServer/]: Saving chunks for level 'ServerLevel[New World]'/minecraft:overworld
[28Sep2026 11:41:23.595] [Server thread/INFO] [net.minecraft.server.MinecraftServer/]: Saving chunks for level 'ServerLevel[New World]'/minecraft:the_end
[28Sep2026 11:41:23.595] [Server thread/INFO] [net.minecraft.server.MinecraftServer/]: Saving chunks for level 'ServerLevel[New World]'/minecraft:the_nether
[28Sep2026 11:41:23.596] [Server thread/DEBUG] [net.neoforged.neoforge.common.CommonHooks/WP]: Gathered mod list to write to world save New World
[28Sep2026 11:41:26.268] [Server thread/INFO] [owiegamer.owies_airport_pack_neoforge.item.custom.LineBrushItem/]: Was Paint Bucket
[28Sep2026 11:41:30.131] [Server thread/INFO] [net.minecraft.client.server.IntegratedServer/]: Saving and pausing game...
[28Sep2026 11:41:30.137] [Server thread/INFO] [net.minecraft.server.MinecraftServer/]: Saving chunks for level 'ServerLevel[New World]'/minecraft:overworld
[28Sep2026 11:41:30.138] [Server thread/INFO] [net.minecraft.server.MinecraftServer/]: Saving chunks for level 'ServerLevel[New World]'/minecraft:the_end
[28Sep2026 11:41:30.138] [Server thread/INFO] [net.minecraft.server.MinecraftServer/]: Saving chunks for level 'ServerLevel[New World]'/minecraft:the_nether
[28Sep2026 11:41:30.138] [Server thread/DEBUG] [net.neoforged.neoforge.common.CommonHooks/WP]: Gathered mod list to write to world save New World
[28Sep2026 11:42:21.581] [Server thread/INFO] [net.minecraft.client.server.IntegratedServer/]: Saving and pausing game...
[28Sep2026 11:42:21.588] [Server thread/INFO] [net.minecraft.server.MinecraftServer/]: Saving chunks for level 'ServerLevel[New World]'/minecraft:overworld
[28Sep2026 11:42:21.589] [Server thread/INFO] [net.minecraft.server.MinecraftServer/]: Saving chunks for level 'ServerLevel[New World]'/minecraft:the_end
[28Sep2026 11:42:21.589] [Server thread/INFO] [net.minecraft.server.MinecraftServer/]: Saving chunks for level 'ServerLevel[New World]'/minecraft:the_nether
[28Sep2026 11:42:21.589] [Server thread/DEBUG] [net.neoforged.neoforge.common.CommonHooks/WP]: Gathered mod list to write to world save New World
[28Sep2026 11:43:53.684] [Render thread/INFO] [net.minecraft.client.Minecraft/]: Stopping!
[28Sep2026 11:43:53.686] [Render thread/DEBUG] [xaero.common.HudMod/]: Finalized session for module xaerominimap:minimap!
[28Sep2026 11:43:53.686] [Render thread/INFO] [xaero.hud.minimap.MinimapLogs/]: Xaero hud session finalized.
[28Sep2026 11:43:53.686] [Render thread/INFO] [xaero.map.WorldMap/]: Finalizing world map session...
[28Sep2026 11:43:53.727] [Thread-6/INFO] [xaero.map.WorldMap/]: World map cleaned normally!
[28Sep2026 11:43:53.733] [Server thread/INFO] [net.minecraft.server.network.ServerGamePacketListenerImpl/]: Dev lost connection: Disconnected
[28Sep2026 11:43:53.733] [Server thread/INFO] [net.minecraft.server.MinecraftServer/]: Dev left the game
[28Sep2026 11:43:53.739] [Server thread/INFO] [net.minecraft.server.network.ServerCommonPacketListenerImpl/]: Stopping singleplayer server as player logged out
[28Sep2026 11:43:53.785] [Server thread/INFO] [net.minecraft.server.MinecraftServer/]: Stopping server
[28Sep2026 11:43:53.785] [Server thread/INFO] [net.minecraft.server.MinecraftServer/]: Saving players
[28Sep2026 11:43:53.785] [Server thread/INFO] [net.minecraft.server.MinecraftServer/]: Saving worlds
[28Sep2026 11:43:53.788] [Render thread/INFO] [xaero.map.WorldMap/]: World map session finalized.
[28Sep2026 11:43:53.909] [Server thread/INFO] [net.minecraft.server.MinecraftServer/]: Saving chunks for level 'ServerLevel[New World]'/minecraft:overworld
[28Sep2026 11:43:54.024] [Server thread/INFO] [net.minecraft.server.MinecraftServer/]: Saving chunks for level 'ServerLevel[New World]'/minecraft:the_end
[28Sep2026 11:43:54.028] [Server thread/INFO] [net.minecraft.server.MinecraftServer/]: Saving chunks for level 'ServerLevel[New World]'/minecraft:the_nether
[28Sep2026 11:43:54.032] [Server thread/DEBUG] [net.neoforged.neoforge.common.CommonHooks/WP]: Gathered mod list to write to world save New World
[28Sep2026 11:43:54.035] [Server thread/INFO] [net.minecraft.server.MinecraftServer/]: ThreadedAnvilChunkStorage (New World (1)): All chunks are saved
[28Sep2026 11:43:54.035] [Server thread/INFO] [net.minecraft.server.MinecraftServer/]: ThreadedAnvilChunkStorage (DIM1): All chunks are saved
[28Sep2026 11:43:54.035] [Server thread/INFO] [net.minecraft.server.MinecraftServer/]: ThreadedAnvilChunkStorage (DIM-1): All chunks are saved
[28Sep2026 11:43:54.035] [Server thread/INFO] [net.minecraft.server.MinecraftServer/]: ThreadedAnvilChunkStorage: All dimensions are saved
[28Sep2026 11:43:54.046] [Server thread/DEBUG] [net.neoforged.fml.config.ConfigTracker/CONFIG]: Unloading configs type SERVER
